region_names,intensity_at_surface_ 1,intensity_at_surface_ 2,intensity_at_surface_ 3,intensity_at_surface_ 4,intensity_at_surface_ 5,intensity_at_surface_ 6,intensity_at_surface_ 7,intensity_at_surface_ 8,intensity_at_surface_ 9,intensity_at_surface_10,intensity_at_surface_11,intensity_at_surface_12,intensity_at_surface_13,intensity_at_surface_14,intensity_at_surface_15
1,0.0417785204580699,0.115558793767817,0.132524823672426,0.154493191962024,0.210623876627206,0.245989975147062,0.223397965772045,0.164535420845087,0.195707115606767,0.238388030764955,0.258595236232284,0.252786858774693,0.305437964985402,0.349727839299913,0.367053628604974
2,0.172747405734587,0.0924354145660168,-0.0328947932022089,-0.147562042144308,-0.157857065607787,-0.0886425802451745,-0.0206224698354179,0.0371579119285531,0.0035628351844069,0.0231477979465132,0.115103819931824,0.208882079703686,0.245063232886866,0.248602513570183,0.251843119256071
3,0.367320089570926,0.265900369848538,0.158153405255222,0.103713895849591,0.0990569473697145,0.174446944924965,0.271078687083497,0.384537449267534,0.296249918853022,0.293466553519354,0.41424524482837,0.513964369481468,0.558340360347845,0.538047837656144,0.569379134047662
4,0.399009416333994,0.374050061142109,0.294448124959661,0.248686710226785,0.270301596341739,0.342569473439818,0.412604289334733,0.391532127259551,0.383982009323323,0.396563133480866,0.404347887922026,0.390169298390902,0.358646166842099,0.365292502824593,0.393046425436648
5,0.139995416222508,0.276705400995812,0.462621514581199,0.567422910323676,0.533139954256991,0.490373548034139,0.490048970039256,0.452132856667748,0.46398041322352,0.434017304198628,0.340207677689228,0.259416071234876,0.226376130749027,0.182416506336412,0.123591954344589
6,-0.452317033642413,-0.425410843382028,-0.466332989096153,-0.570682666444805,-0.655464420087062,-0.674914931287014,-0.616023719914416,-0.59164895426681,-0.587015372922558,-0.575316548565619,-0.517717918985157,-0.428695316570515,-0.390308519228524,-0.378337033605334,-0.341774005312129
7,0.281929082011822,0.406704056439096,0.370679500648666,0.368088158900043,0.40944796586443,0.490481754834211,0.493067359891347,0.446470221890505,0.464615638891147,0.48750811044443,0.476256504326899,0.44403842383419,0.406483038618467,0.500796834148466,0.59406992749217
8,0.122304573603211,-0.0191297251269263,0.00616744269008222,0.073813311666709,0.102602122915301,0.0786144313027684,0.0798357304594232,0.151354502970384,0.130975150397024,0.0654982408108167,0.0068943257703678,0.00995025092811145,0.0341013649315768,0.00574043843816685,-0.0520158411443712
9,0.152408140792073,0.18588782039925,0.18736921827924,0.179726377496549,0.148603764435033,0.127369562087055,0.124660413476042,0.0966960311569643,0.0914019446742516,0.122234832001929,0.177574010305293,0.187784359387169,0.116874112387885,0.00602727020534909,-0.00165889622805615
10,-0.786139400203851,-0.761847852288787,-0.709741478023165,-0.718148015934799,-0.737547152093366,-0.787334134846736,-0.8731423223642,-0.928709172010707,-0.891287099324853,-0.917712727088474,-0.980330061706449,-1.0595140080486,-1.08595147194591,-1.07641922372799,-1.11331701688771
11,-0.291408350117542,-0.258583835451276,-0.247974227158232,-0.188208067242211,-0.0994988585366857,-0.0582187062053069,-0.0998362747020982,-0.121087167594111,-0.106061530361626,-0.0925367556551335,-0.116787669793962,-0.103469989657294,-0.0196732532345843,0.0153160145733138,0.00267579475224898
12,0.305089164755919,0.309125807497187,0.37361632382009,0.428132981077225,0.543761463845252,0.660042346075312,0.786359283246997,0.859742424612532,0.802197297519913,0.781155146270522,0.837241710208772,0.901811334801673,0.883886384109978,0.898319535256745,0.882027920187089
13,0.111831458322952,0.187184087889786,0.258118908093426,0.269361967369102,0.248867786150731,0.216780986542415,0.186849395441504,0.138727932288501,0.13168230073392,0.147930037889916,0.161025101652274,0.085895806310272,-0.0522047510948569,-0.137283260798708,-0.165331540248652
14,-0.266976916273794,-0.273324224491415,-0.25786457313976,-0.251477790081116,-0.218525176863471,-0.246110501602759,-0.32993304498362,-0.361028983337908,-0.338898149497962,-0.306293643583143,-0.304064552952522,-0.328966969908362,-0.35274698413675,-0.378423351992982,-0.404535921905934
15,0.0348384305668388,0.0242075613164225,0.00330268520847694,0.0303077770085481,0.107047381046323,0.165895726188309,0.131819629394544,0.117757149327714,0.140714331542995,0.154425665967596,0.117506639154653,0.122551729046624,0.177053214201725,0.197271838681053,0.177413440168591
16,0.125603618931918,0.154671441596561,0.277345077385284,0.389816426859158,0.478455904354969,0.476632299062625,0.389988260337191,0.364192823304828,0.38870069268482,0.407350849078797,0.392520091438117,0.372962973746793,0.381864497088547,0.383573610864318,0.41250975469157
17,0.0180044383345128,0.0308881244386612,0.0476955050776143,0.0162689343181511,0.0214779460484523,-0.0119004089664676,-0.0546433088540895,-0.103531040662138,-0.0733485382377398,-0.0210742498882187,0.00544640150636312,0.0413463478733686,0.14608217892672,0.20292297220331,0.28285475168403
18,0.333495611104622,0.425564387547503,0.495109461765566,0.565043396462477,0.621101677964447,0.680701072773296,0.675576265434408,0.655590627015804,0.672003323249536,0.657358917913449,0.665394294128186,0.714447865546659,0.779612639905015,0.768061249243142,0.780538955335162
19,-0.096485145227419,-0.182383765470697,-0.176145737161216,-0.139386418154157,-0.119651921018777,-0.167635094852884,-0.242716345594344,-0.25365766291356,-0.221420709118484,-0.180403381497469,-0.16954516912617,-0.160734640381482,-0.145865257810745,-0.192106343405846,-0.234162163211352
20,0.552115999320058,0.408384238456047,0.279402859052248,0.189641406561928,0.142438288592518,0.099310779003864,0.0996355653607847,0.16940977014531,0.205749876341455,0.298816453642176,0.420663208800953,0.520421795059641,0.553403456557487,0.506658198735381,0.513428594983373
21,-0.431508084884472,-0.381877017054887,-0.423741974398055,-0.497769916777788,-0.597572320044491,-0.62893258169585,-0.565183921771475,-0.504660093617223,-0.503158861134265,-0.508802062312054,-0.488466865111446,-0.441456767096096,-0.388033946779896,-0.391995403453324,-0.388157327658172
22,0.317719651246251,0.273468215220078,0.272256097848784,0.291173213172995,0.324165227405092,0.37414873395085,0.374059509242753,0.36296210000359,0.361586763223482,0.339424584370402,0.308476351212488,0.289042089183353,0.255953679932404,0.233599062951623,0.260483853478599
23,0.319096788152996,0.260099653447744,0.137049708841984,0.0242791985540178,-0.00875828629233002,0.05801308869814,0.156083721248579,0.272552886393853,0.184463781084418,0.178483748467186,0.28848602256062,0.408112989322362,0.450025096669037,0.441127534213477,0.473810313771665
24,0.338964113915305,0.288471075141809,0.228457351645934,0.212576350376256,0.201053191652269,0.243733995069024,0.212467536191183,0.180815483766067,0.214078015251162,0.235815788857099,0.191288596814747,0.121864205166126,0.0782583312949088,0.111397404337902,0.115242474339807
25,0.163727327989184,0.199633791770968,0.281801624135385,0.357011696945684,0.394791343501719,0.437624156135115,0.448459834385036,0.421087094720548,0.424638781842367,0.40568889340493,0.364502842444444,0.341706031703577,0.379799012463155,0.401269196173956,0.378419976897198
26,0.221462562078854,0.200579489594632,0.152979022543717,0.165167058322546,0.246399743468191,0.319443942018641,0.332231034035582,0.360522691205704,0.341149718657436,0.309820318480413,0.332644052548427,0.356042087690612,0.357123482223101,0.377066920116416,0.471704496757861
27,-0.159601436340262,-0.231273273311694,-0.262433436536011,-0.283023396707357,-0.264097853928526,-0.253988085477505,-0.278939540466452,-0.308316660468293,-0.298172490207906,-0.291229328021627,-0.326908477072907,-0.37682015660806,-0.432674101751806,-0.403333511592648,-0.343721038091571
28,0.288630170432919,0.243575857406726,0.246567539664627,0.281963698961561,0.332831704112008,0.433505760961876,0.474436120125184,0.462496885679756,0.476253738510599,0.447310170632019,0.374279885666913,0.315371627512602,0.32144751865651,0.341709555882366,0.372108377540534
29,0.204241462183926,0.190561754946089,0.211495741896775,0.265661747026476,0.309167740034727,0.369899806408801,0.428020924140344,0.405130957748331,0.402984168953413,0.382730630648106,0.335398987206034,0.28984384451532,0.2941810719281,0.352007435477942,0.354590887604521
30,0.269071367461526,0.158272728739247,0.0696962451546464,0.0117322067413346,-0.00641501358804725,0.0118606574112794,0.0711719321653966,0.115276597188083,0.125030409350759,0.174737374632723,0.219639043047702,0.232798386673531,0.198581438465815,0.137576493312475,0.173321093658025
31,-0.10839664822275,-0.0113880964654908,-0.050020667675849,-0.0703831919073373,-0.038248488890168,-0.0305965064207432,-0.0360612509596018,-0.0556425549399206,-0.0733872837630739,-0.150354643888194,-0.218032561199743,-0.296438665179932,-0.352898369880898,-0.286381237687781,-0.234831388336177
32,0.350755708242328,0.25853280260855,0.208835063859262,0.14182200380293,0.131747423425806,0.209613278770726,0.288597584144981,0.382841456612292,0.313541693257469,0.287678599030915,0.367873855333624,0.433889677754552,0.459186461977303,0.397656893583776,0.312042393907309
33,-0.0996792363922742,-0.115374678491381,-0.0753622481682282,0.0213726950588373,0.103787251049929,0.141760719867415,0.086103495078176,0.0449987705231607,0.0946036412539158,0.0909033560138314,0.0611726185747458,0.0532942673587472,0.0813792464989468,0.0995076430268397,0.073536065203824
34,0.512871974858028,0.445050357161902,0.331456836243328,0.333417677318262,0.374116817321201,0.395673850011845,0.360451123324551,0.381948239859256,0.374967591931575,0.393581980507013,0.431152056621698,0.458001696579357,0.505534130302758,0.583670076480108,0.648103382131693
35,-0.0991779077502372,-0.0368822155601697,0.0335646813717211,0.109822969430136,0.162800108604919,0.205738929932232,0.199105084711159,0.163867461259661,0.158012646426059,0.119496953019943,0.0790988799197429,0.0308780918205742,0.0393309689400378,0.109479806118848,0.0792114002313036
36,-0.145363086208658,-0.0419397899905283,-0.0396372619919072,-0.0156790627842168,0.0183125794113433,0.0130490391742734,-0.0454460308610377,-0.083341175695745,-0.0820651295473484,-0.0713760130677162,-0.0699807828989363,-0.0450137715447575,0.00699831529782287,0.0575016165279779,0.102618860961683
37,-0.0893232107588784,-0.139978068601706,-0.181118192166534,-0.273425903862031,-0.358284119463115,-0.465921985121476,-0.429678879165269,-0.409520719325652,-0.367167484677083,-0.337508594193693,-0.339947079430976,-0.326546039616152,-0.333049043267618,-0.423220433555737,-0.445825650939038
38,0.219486892105845,0.330807945138217,0.394924487938701,0.461693161256681,0.508825869591169,0.568292483960033,0.591677529491615,0.558972759342408,0.559858127573022,0.548101020446872,0.517230816091324,0.475392208860115,0.490160472580943,0.570715426950402,0.564404474711275
39,0.226159675580626,0.281752512865778,0.260882264569212,0.264526014415864,0.307950115374989,0.340491581190411,0.330208155790287,0.292498374419705,0.322265559691736,0.337218565620874,0.330661828329404,0.315403520419089,0.322372218068515,0.387991452096459,0.458263754123751
40,-0.24518655150524,-0.368412391336663,-0.438331266799813,-0.548452605352421,-0.557328349358766,-0.534354170533119,-0.4589298350434,-0.380844885317867,-0.372252352308215,-0.344692690590169,-0.312712163177029,-0.262233657405424,-0.234679287523864,-0.288376653809059,-0.403044376232824
41,0.300735971389956,0.384527611903504,0.544816823370218,0.652177988943093,0.58746365000503,0.512300019523007,0.530857355614747,0.546536609844621,0.527246501796802,0.45833960766793,0.349818726192564,0.281093663484422,0.28425568224007,0.283269635975065,0.200738638455137
42,-0.0517308944886114,-0.0724862148575967,-0.0364744071126676,-0.0128783454319824,-0.0410116491148823,-0.067772288689177,-0.0516984946397565,-0.0375885821009279,-0.0416171659711841,-0.0942771329273406,-0.152744062895646,-0.164746004007602,-0.119608810195528,-0.115360027134421,-0.166220907592392
43,0.143395672878061,0.136026044387957,0.0704414705224166,0.0375525230238735,0.0659577959256399,0.144260997212712,0.20958755422237,0.224640889167158,0.182148921853198,0.147658264431142,0.170518444583304,0.2476320742045,0.285454245141601,0.288663962842677,0.333977448896822
44,-0.0275596470678355,0.114384291607572,0.136331081397397,0.0520141453102017,-0.0554974136612266,-0.188131946247385,-0.264889593769529,-0.225301405902773,-0.246685389589133,-0.234989067884676,-0.142542864672388,0.0596705653113025,0.123630599958938,0.129088821446655,0.222280764292057
45,0.0294316003851912,0.152214659962135,0.196170145196235,0.243462739440064,0.26411506059201,0.241776160315984,0.187404982737725,0.135755589606154,0.131895826342258,0.1710852544873,0.191709743057787,0.160465504999724,0.0937071996276859,0.131142433827099,0.207850901784604
46,0.175072960102633,0.266951449237168,0.339080017646678,0.361602913339963,0.34220065044901,0.268939559461193,0.217584704391673,0.169929605969875,0.166555831081966,0.170991215496761,0.184018397837097,0.217156645886018,0.29204402997669,0.358946623017033,0.35651869657465
47,-0.197860171851944,-0.174404472929786,-0.0812674397462209,0.00944738677271388,0.0436879423833971,0.0532262100381286,0.0486323888144376,0.0363817354775593,0.0162855790512292,-0.0218796633674969,-0.0734483064588523,-0.100188210922858,-0.079086866514745,-0.0642317711123674,-0.141696694138874
48,-0.0227499699273132,-0.0378849863738995,0.037395477835479,0.141569073275524,0.212409374434983,0.29308804546551,0.314817132845453,0.31800133372234,0.314932380445999,0.251030645834034,0.188934045224866,0.163245127966135,0.204204164771062,0.229904146673963,0.184997383945923
49,0.182005214663878,0.0836167548707571,0.0361173026329115,0.00653859491091337,-0.000159856855656322,0.012892673210284,0.0203228464259181,0.0801118632287164,0.0415734254275079,-0.0260742786310559,-0.0628746789343069,-0.0679926356269574,-0.0852595056116948,-0.126909021508314,-0.125878123028088
50,0.345508100863062,0.295229702259947,0.379690581621107,0.466772892756149,0.479368390515188,0.367023635753329,0.359210747829817,0.455918963163755,0.43924770291297,0.397819694587391,0.390705339462861,0.458935762288211,0.55072340699489,0.55903957281294,0.489823444924786
51,0.325305392476185,0.371696306862438,0.334302150819054,0.270943328386975,0.226316490860713,0.239663826197405,0.244694899669092,0.188234525325434,0.196785688575241,0.221752637521242,0.247754442720128,0.218072888387024,0.136492968191335,0.0878367678406172,0.144882658960781
52,0.182126158874399,0.254439620947453,0.328814318401996,0.398778308509925,0.51438338692979,0.587414727369166,0.540589023711631,0.50120209301493,0.523903614962609,0.522622642418048,0.47392322880864,0.497098127484636,0.549649998170492,0.549463654719339,0.491748015982453
53,-0.174274629830481,-0.164995510106434,-0.126146739261493,-0.117244421500607,-0.131462232536825,-0.142390114237545,-0.163535097606155,-0.191545630309868,-0.174377981806367,-0.171405162015853,-0.212477903349341,-0.289524304080335,-0.333054121736432,-0.359908838463912,-0.411871232334877
54,-0.343277111189477,-0.404101199684115,-0.375011965823507,-0.377093430746237,-0.360043898481478,-0.317017127158015,-0.3448057697695,-0.36736086063243,-0.345861141154576,-0.339402454458264,-0.376273751092233,-0.431449703271208,-0.425750512984964,-0.436802857208805,-0.476535829578633
55,-0.0665298665053501,-0.157521708306306,-0.192282339940575,-0.200281742769139,-0.175318607001874,-0.186636341776363,-0.201459723596334,-0.237708230091957,-0.189226316162278,-0.149955989156887,-0.195846329136367,-0.306377430645544,-0.400327012514056,-0.421759310020693,-0.397227164409623
56,-0.00300278589884739,0.0265543106559082,0.0957976651490936,0.06670571703753,0.0137574791350904,-0.0466423923244825,-0.0648114505707284,-0.0740413214496435,-0.0747700630702623,-0.0613146185114119,-0.0352865391325992,0.0105956906466551,0.0187059342158161,-0.024357293655159,-0.0438488928436673
57,0.0748886782452898,0.0193461169802097,-0.0239352035603661,-0.0375471514242344,-0.0270125612543656,0.00964661158333648,0.0576080935681409,0.124296248979906,0.0694251687117013,0.0306790645938443,0.0762800682468949,0.133132660352076,0.176871574234979,0.185021544537272,0.191578393117165
58,0.565979866161012,0.634271089555334,0.59141738407608,0.57386446396375,0.58729715895682,0.656723258284254,0.73153924867317,0.719663772774506,0.719962027789016,0.715917498055285,0.692796373847409,0.62099008138197,0.564668022858428,0.585476491531474,0.671635279770307
59,0.151764200524872,0.133323756628176,0.250120092078191,0.356282795454951,0.360575417280616,0.26833936734411,0.244616023212431,0.271150680263985,0.259898238354019,0.240001619172285,0.222682563306377,0.239769561850566,0.278471189006075,0.29765430221065,0.25457391696769
60,-0.630048990035707,-0.304673691485771,-0.220267214196966,-0.289042830074832,-0.350484523151106,-0.405925195240861,-0.305332749564057,-0.183324916906696,-0.153819322617088,-0.120293515797277,-0.103029311353345,-0.0614248390323306,-0.0404355796901176,-0.0561821959848942,-0.0451756866140421
61,0.129843068606956,0.167174986050593,0.233903930810361,0.23042101767654,0.253148750319579,0.222510724101701,0.173576453890049,0.151273010906091,0.177426905325425,0.219339377938457,0.227988592548498,0.241088238092097,0.295166002354488,0.318381257147337,0.388454999359318
62,-0.344100950109039,-0.316546620273097,-0.310382236463828,-0.316485132946175,-0.359336280966434,-0.431663337020576,-0.486410712529667,-0.483668531893202,-0.441789128757049,-0.378721737251014,-0.294420526504958,-0.232909685249249,-0.229112945156528,-0.292885227597847,-0.351733902242119
63,0.271123598812836,0.376081094583537,0.418308834111829,0.419463481730593,0.39249574300263,0.359333005346333,0.330933584784524,0.277079666803305,0.261532224574044,0.296626791184767,0.404240584063249,0.471788736074157,0.39751721953605,0.270712170702955,0.244506610446159
64,0.0258128975041636,-0.0431991920139025,-0.0837702215978208,-0.0912696757317518,-0.0552409339046363,0.00619769475815044,-0.0131304045224374,0.0240685387846206,0.0211129562685482,0.0284388377645378,0.0105523780631709,-0.00278121066565333,0.000756476747650357,-0.00436290669112842,-0.053589221674114
65,0.409765497010247,0.403494841616567,0.389140425848046,0.384015472311394,0.461959464029946,0.489352088698817,0.460288849588402,0.456350462174553,0.468692815350078,0.499778505750804,0.492624858397236,0.454447247318502,0.423100071290557,0.442768690776409,0.444306897683427
66,-0.0685506296249684,-0.106330458412667,-0.142325532460425,-0.162764624328948,-0.182071657856005,-0.17439931436644,-0.157484516625567,-0.148865412937746,-0.130090664947233,-0.114414821164459,-0.10462727938992,-0.121135964998167,-0.169846538000037,-0.223822751924106,-0.259196025694546
67,0.0790598843537441,0.267534062395848,0.363294211098186,0.397631015331864,0.41010008428303,0.407193672017876,0.367079168395633,0.275631406126033,0.275530966587797,0.300446688861565,0.383188610232804,0.350327955869713,0.257537288836303,0.217714357320615,0.242007212225452
68,0.101054406618008,0.0901170465607808,0.0414879710752779,-0.0165431004244783,-0.0132400375772015,0.00853023087726752,0.029561104932237,0.0195738640919789,0.002587585482832,-0.0497152278716852,-0.0420406361086579,0.00215684009247726,0.0310168529325226,0.0563342734153619,0.117252118636638
69,-0.0268610448859974,-0.110636379529371,-0.242439248483199,-0.364472068162806,-0.393118093668254,-0.360072275708408,-0.276991802330442,-0.264525489938774,-0.239088717631163,-0.169609333001001,-0.0618326247523493,0.0137138395091061,0.0590599220879189,0.0424588734133313,0.0842319330522498
70,-0.110154861280549,-0.130855243873374,-0.12503472069851,-0.0847744744936843,-0.075896478127385,-0.0781714622087644,-0.0605821182201295,-0.0814606052956056,-0.0796905489491917,-0.047103981765972,0.000609510916911191,0.0268044491057506,0.0254540382885159,0.0352371028987066,0.0424079383675119
71,-0.418925401144131,-0.316017792720027,-0.293359950292496,-0.333349593787868,-0.404782534864969,-0.458145685286564,-0.452828451442507,-0.420837969551641,-0.369340373160178,-0.266348750804502,-0.151882927680052,-0.0490675818459813,-0.0264667043622216,-0.058437822716278,-0.0151079912183715
72,0.523401574282801,0.373651248850288,0.261556291537081,0.188537566487136,0.201215107081539,0.244213848717763,0.270171961299862,0.309081478971582,0.283219693047755,0.31720128770937,0.418986394636354,0.538280822318547,0.611673326404184,0.595774620818029,0.548574463105418
73,0.0819610218525358,-0.0421688813663031,-0.07647482077553,-0.0488663825322241,-0.0770374379759213,-0.220463509100431,-0.354125035394803,-0.376441175684913,-0.342884918671781,-0.282461551756591,-0.247302396113082,-0.233042011312281,-0.210488043377237,-0.23784832546564,-0.267372469700035
74,0.0746090001789561,-0.00853276007255812,-0.0531451103757891,-0.0682724659995442,-0.0508931254614245,0.00458819822882473,0.0564616460725617,0.0868477904815105,0.0532574195213211,-0.0108113549806149,-0.00761390513184672,0.024738323727332,0.0621901287803564,0.0744883316038692,0.0339723877360311
75,0.222338906094874,0.173730841371965,0.0904865039427749,0.0532915118738594,0.116666621839641,0.211154724711427,0.237071867282668,0.274118829275093,0.221899864064801,0.185579869984004,0.243471973022691,0.326854462411252,0.389951642429297,0.437096343815081,0.509605557961239
76,-0.0595060115802599,-0.0432756218163277,0.00155321732847223,0.0667439527315806,0.128498563254133,0.150123512720915,0.110124045582668,0.0635482288585766,0.105442212606861,0.160925586109515,0.156370934749488,0.0787173770167986,0.000506359353272746,-0.0224503250497435,-0.0234729065410282
77,0.338639905760932,0.205173280323479,0.175416556320497,0.158032768456586,0.147593836212219,0.188953899284754,0.209052145514684,0.185560435461424,0.196651689493197,0.19815414393358,0.1783221426681,0.140656367968678,0.100004048351231,0.102638412445789,0.135040403397214
78,0.57067427629668,0.539976835876196,0.444130547755912,0.432374802199425,0.489359312677476,0.56203316081549,0.545437185140603,0.561906952680411,0.567875082112817,0.601861978420709,0.630509249457224,0.632910074001535,0.594394447123845,0.607211280451969,0.67005957856487
79,-0.0545934794715132,-0.0840742952614245,-0.0637230195530263,-0.0385093039044166,-0.0542099323291468,-0.0766697488038118,-0.10465203436875,-0.114749635504075,-0.10150119505193,-0.12667107317806,-0.196857866285331,-0.253122842573298,-0.289725972334609,-0.279696385246864,-0.257199370766066
80,-0.261108662186759,-0.260885540058811,-0.263998243538464,-0.224994922538191,-0.11838440922686,-0.0108281835047033,0.0193735907241487,0.00634522513026861,0.0239418028374776,0.00463730993954954,-0.0407540537800961,-0.0900699097495312,-0.113348335618094,-0.0862426000914092,-0.0823937150914887
81,0.394209089944423,0.614576634547355,0.692516975917303,0.667332527919407,0.627450573634395,0.571413718587835,0.466714671697758,0.378678814470978,0.404298228914587,0.461637568274198,0.48381857173019,0.485458752273316,0.432138655619879,0.371818853585416,0.360558091593023
82,0.102212922509619,0.132750778634561,0.0353221550081515,-0.0732548324004722,-0.0952386808444732,-0.0484702332093422,-0.0073995362630219,0.0102201257089839,-0.00618076803436309,-0.0419202162466322,-0.0722016655294318,-0.104478310439694,-0.12803898967495,-0.123090100778128,-0.0900686804960686
83,0.420045020318121,0.417280917744226,0.407580207197847,0.398292242405687,0.385657744777607,0.378869612518158,0.361753046945313,0.318688780557888,0.338159298508443,0.364319871457166,0.363539915789198,0.327320321265339,0.27697641650078,0.249968788042942,0.278051865802163
84,0.0419258454394404,0.0852062353232346,0.114493809916791,0.188375603189417,0.307941927252675,0.361327946440725,0.329125306296461,0.248296923495094,0.264003858272854,0.279379024216823,0.214719458556233,0.162871570950852,0.103434731714264,0.15715721749573,0.16557903996544
85,-0.165716609876771,-0.19875143655407,-0.136802103523592,-0.0550168628761783,0.0108527729364204,0.0561576964494301,0.0673810952510299,0.0721884424989482,0.0483637282379931,-0.00672917447506999,-0.0827600194761952,-0.127280492845487,-0.119414693889268,-0.101718199832811,-0.14262050598289
86,0.106936086476052,0.0749691007796072,0.0413246628231922,0.0214222917362183,0.0455189715413188,0.123299819259133,0.224913714241626,0.293505632617733,0.259666595380185,0.222779027999904,0.233867708629999,0.251106118145038,0.254355918902929,0.284601361993031,0.300332522609
87,0.118891341071735,0.317342483839146,0.438561630425223,0.469983271345417,0.461920926776762,0.441661899559593,0.400862878898067,0.342294861995163,0.358928206447428,0.389249215150681,0.380609290058582,0.348503168751956,0.250710655989764,0.134216515309014,0.137357098136181
88,0.184043062142245,0.219662330454969,0.283686408999355,0.352486463088774,0.394051119356892,0.4285830096372,0.446298192687903,0.41877561829923,0.40520275718742,0.398928634821084,0.380118804506842,0.339496738097045,0.370652602659319,0.460013234303841,0.42588756958491
89,0.135131265109066,0.187458499520087,0.176942241534173,0.16673264851408,0.181821930137327,0.213577719636245,0.21992153780537,0.171527918255502,0.184040126082579,0.206435738363957,0.231594622385093,0.199816854258256,0.140993751569417,0.102271561134788,0.143882984932634
90,0.402321126125616,0.463429067717689,0.498270184847963,0.518968671855381,0.523087598519268,0.536073587732855,0.540384358823153,0.488503496797104,0.476927305182739,0.47976946030646,0.46252463803846,0.440081729854216,0.489762262444635,0.594171177362407,0.598158028234723
91,-0.0797424782028593,-0.0873514211785276,-0.0728801097120007,-0.0769791205640559,-0.048978699704226,-0.0290635326212115,-0.0240250387631534,-0.0246767782428257,-0.0342502178422756,-0.0334789833532287,-0.0165085938526635,0.0248445854532817,0.0723086204180089,0.101716064164834,0.113558279896803
92,0.186554095149884,0.142186444878862,0.126408429384329,0.128828710287117,0.137331560950969,0.168419893287038,0.194031773697073,0.163640247375897,0.172433744942278,0.169465466395989,0.150719178028334,0.0977985897244654,0.0667649623207425,0.0870835743916003,0.135665277291378
93,-0.412723775381991,-0.448571267824346,-0.431326403515554,-0.431347410102167,-0.427943427493378,-0.448731081877108,-0.503778943425209,-0.542293709742871,-0.524669333709343,-0.504387423769618,-0.529083256422208,-0.564836704299304,-0.549631123044734,-0.521312546952738,-0.541309078000983
94,-0.280162563755402,-0.424574018745685,-0.536307927188405,-0.623452061893544,-0.722235265220171,-0.780653091442887,-0.694955939330529,-0.584613877714738,-0.608758950270856,-0.617006178834468,-0.566641388545409,-0.459262315443955,-0.349784361281415,-0.311234640826837,-0.306760865701682
95,-0.968560765197278,-0.955630349670597,-0.881439638671598,-0.84048833581739,-0.870317505422588,-0.93302809221083,-0.998637349670042,-1.00300108058741,-0.935208034726386,-0.828606284871477,-0.707496707146722,-0.637755061883855,-0.632514514099863,-0.676874032495584,-0.649894429894792
96,0.0216546703274689,-0.0542563737112969,-0.147417432134219,-0.218019638549168,-0.222817227063312,-0.213957723779054,-0.175874771079751,-0.113909521150909,-0.171754148834075,-0.245473769922575,-0.310534995843069,-0.331565018204714,-0.339864433309496,-0.336697603528712,-0.318450272917497
97,0.0325671522451312,0.0297903640267544,0.118100139467606,0.116457729412396,-0.0387562222158304,-0.222411255292127,-0.277455612853877,-0.307811234624054,-0.298413574646871,-0.32844035976154,-0.443625267006857,-0.528580810535861,-0.500240276678437,-0.464901247608876,-0.564252428949307
98,0.433294570243471,0.310835820182564,0.17602482295752,0.137879676565118,0.187422084596887,0.238977165485464,0.198143611135895,0.257487194338904,0.199740945764295,0.227979175513401,0.319741617925305,0.401836936691447,0.448401171774785,0.466149349188394,0.44710497245408
99,0.366943597576489,0.254080495375069,0.166152177984209,0.128705074142338,0.14078722251596,0.23492129640352,0.351179823270923,0.507008491042562,0.384605100497612,0.36292818718112,0.501494721384779,0.611032407328938,0.667941802186775,0.603041263404532,0.580792083775863
100,-0.0932501763531421,-0.111397758469729,-0.142822514757045,-0.0999133196786654,-0.0359598816269013,0.00128923215686353,-0.025586038038189,-0.0611766402787707,-0.0162153107488615,0.0223365921413907,0.0276567280526529,-0.000103266818098773,-0.0279914188881567,-0.0236132007281319,-0.0236514381960394
101,0.00507839796369907,0.00200718216297511,-0.0890870916065002,-0.163145753924161,-0.184266637255823,-0.176857385953232,-0.199465888850852,-0.249073021559588,-0.220884163788463,-0.159816018159126,-0.147728461769032,-0.180175320331348,-0.226772598099068,-0.217144613148983,-0.181669062985454
102,-0.0779078984476379,-0.0521988139205024,-0.0163832446819651,0.0210697167002592,0.0410152534281065,0.0337824892113228,-0.0442779357952511,-0.0971294029420005,-0.047482869197678,0.0128055198034366,0.00824529515499001,0.0263153429136991,0.0541005588175754,0.0734554124193747,0.170857321261441
103,0.320411774108176,0.401225892929056,0.345398086467589,0.27264266128271,0.221120234157045,0.237797944478107,0.226136720210861,0.190765977087704,0.209104239860496,0.229103962419022,0.25529858590963,0.22019709928126,0.168493398728124,0.166691217939667,0.228788766724529
104,-0.201610633615867,-0.0359551610041725,0.0601575543210994,0.145842883225012,0.221879361985588,0.244517795174108,0.191548207911944,0.132955151883838,0.171518932622896,0.203443604279187,0.18164015392348,0.0934385832351432,-0.0506818084190799,-0.100103068646864,-0.055752186794844
105,1.04536287581291e-05,0.00764369622478434,0.06541666238772,0.146334089163037,0.276906824933264,0.386512381549109,0.379074688385685,0.330448833438273,0.357708391436404,0.344201211046247,0.3210010745224,0.331260926086417,0.378526622928615,0.383620755874476,0.355125275468384
106,-0.481183762958286,-0.509579733185295,-0.520338541771169,-0.528745252663567,-0.517795388211912,-0.513823563035422,-0.550793031894488,-0.593552799360832,-0.567946470778402,-0.549449168726785,-0.60432529582783,-0.635690547621813,-0.61720123080996,-0.575166303315195,-0.549726415450188
107,0.219984088800489,0.106173917005154,0.10691015586849,0.147992857308406,0.181535530072077,0.258291820557531,0.258874129702921,0.258560171826856,0.24011674410835,0.196261851723706,0.129302749204884,0.0832823336323029,0.0834050071739207,0.0884751194600345,0.102092466826925
108,-0.187846648876251,-0.270332165569573,-0.227254605120278,-0.138309987318168,-0.0723324191027346,-0.0528595110909526,-0.0443198031758217,-0.00577743235837556,-0.0333534052426095,-0.100614468081931,-0.146567756594793,-0.153889028098725,-0.145754284118257,-0.187145858326247,-0.280590166111343
109,-0.0398156338601818,0.0118463759233901,0.0245171189551451,0.00662612278197506,-0.0267623808752427,-0.0760852904956073,-0.124200831545124,-0.172852613532791,-0.153470485081987,-0.135643272501138,-0.156092198658938,-0.211228133841074,-0.294259443674402,-0.338966964937933,-0.33429509403925
110,0.347053713563171,0.317829698631395,0.292228737802405,0.272826326763097,0.25751166811376,0.270192969897896,0.29765393042111,0.259438044810159,0.266232451546926,0.258675791704858,0.225443609442998,0.183242899089526,0.178851281504281,0.211897045582525,0.261269918144551
111,0.578647952077361,0.4832519017238,0.398835325669647,0.390007331379355,0.403283529921708,0.378695297701821,0.322622440653264,0.288397182842581,0.311245353929264,0.327847921483352,0.365913371995102,0.389250818996512,0.444401550687644,0.498871429505265,0.55110904690356
112,-0.0160218510480374,0.0568901702630726,-0.0391008782098696,-0.185468272721986,-0.289819129805249,-0.324123002457173,-0.34633713225523,-0.351291015580431,-0.33844762357438,-0.329186999180442,-0.302278991679356,-0.24989635535668,-0.220279864525218,-0.183662579033412,-0.067205626890728
113,0.0426104279629596,0.0864629446569291,0.141673452630297,0.19701026579536,0.329865340281675,0.403037069489357,0.392802655555574,0.345535903599514,0.388015108651713,0.390090385694965,0.352691907077215,0.28612159703464,0.297038432293627,0.344798314111896,0.350713453312599
114,-0.227698489644111,-0.20100991987142,-0.263744323037251,-0.308109810861779,-0.361974275740369,-0.392218188415041,-0.424399953973173,-0.489178750674494,-0.451761669541916,-0.427968377025376,-0.448744614947318,-0.515274371623899,-0.525584649085982,-0.48849744273577,-0.475049393067317
115,0.191362932728988,0.247957310842854,0.302087310732441,0.351115356342393,0.390745687946994,0.418533381528361,0.441430435259334,0.406279926282773,0.412155599164035,0.417743932419108,0.397660732715551,0.365179484176427,0.373790989965351,0.411358700893709,0.390762578066865
116,0.25641899847177,0.309236282184695,0.272332258210479,0.222941431208451,0.211004925723579,0.195212452376604,0.177443606839744,0.13056958673231,0.121701388784552,0.114913801722908,0.100822381466935,0.0847974644359073,0.138306406071598,0.220492204413533,0.264503578189753
117,0.361548156670417,0.386975047204711,0.311092680167838,0.268257443855888,0.255897523347328,0.281976463039672,0.255692941296677,0.229303907449183,0.287452677074809,0.362320863839988,0.394519114058317,0.38088261770531,0.352623765417711,0.381740910933878,0.426950978709277
118,-0.00232957085440369,-0.0561290389897131,-0.045504051215036,-0.0309204978535755,-0.112628854649715,-0.165904849047916,-0.166825447828965,-0.143811766191764,-0.141985493130494,-0.169108923443844,-0.234516689542281,-0.282778281907133,-0.297011934216766,-0.293290592932546,-0.331613847912933
119,-0.131270744685384,-0.0324963505572144,-0.033432881585236,-0.0841328942337533,-0.15048501663067,-0.253331968854265,-0.301278351705367,-0.215343762240267,-0.168434297400673,-0.103911009372047,-0.0431202294210621,0.0189763018391717,0.0184506579533704,-0.00969429419240981,0.0511935597635519
120,0.490232041528131,0.476035654055338,0.563718082921778,0.667050262787938,0.687129437526427,0.573698850730206,0.545206421551613,0.587797748344532,0.585391128496672,0.562464469477675,0.559970353615294,0.604023393132827,0.651029001895851,0.635356656790174,0.578541486588925
121,0.0236270229021579,0.123588061760927,0.102776165002089,0.0795053101692495,0.0747755386191407,0.10650947969505,0.113456145128046,0.0981670373506664,0.10925397639148,0.114254150194928,0.0894430980338768,0.0318258075931966,-0.0263416750200543,-0.0328701676268442,-0.00284712033271965
122,0.532243055555154,0.444782533436032,0.336872100273947,0.240821620999302,0.204460699136447,0.214282203831971,0.266253774673764,0.30802739915556,0.286122414267811,0.323766579617492,0.440597424021106,0.576562897919935,0.664859910879065,0.66900655641286,0.643067148604791
123,-0.0439340515898061,-0.0527426497887321,-0.0292103735185373,-0.0273100983726794,-0.0737446086826746,-0.157821144922363,-0.18486996075791,-0.190080690736668,-0.189532267519185,-0.158341652403016,-0.0757020934699141,0.0183978661482179,0.00503136438892486,-0.0840814029989169,-0.14307032386238
124,0.245669565599915,0.190837962963808,0.155698703732891,0.169177836974561,0.217023637057494,0.268080360487854,0.264599849171892,0.26727311277525,0.265919174757599,0.248811872931969,0.291063059760688,0.335669417764802,0.357270504325237,0.398626809099909,0.446454835865121
125,0.461051366319504,0.508221202061594,0.38983570134422,0.28912104999438,0.263049433454883,0.272632510398468,0.252060917694942,0.217957543982813,0.223639172761568,0.230239500490207,0.2332116035194,0.227825673172891,0.228334058324908,0.323395032157858,0.382600322575426
126,-0.256604278642372,-0.289984833723555,-0.290316862477794,-0.259199578544476,-0.201701918185007,-0.21445820928574,-0.276371983028518,-0.284174469519413,-0.258227104050044,-0.259117667141897,-0.323502267477053,-0.415338179595003,-0.479913581822652,-0.461819700153744,-0.481305895193474
127,0.311831378018362,0.436934893457885,0.492024545880685,0.51656280116513,0.563096973898147,0.608664948560856,0.579821672156936,0.535584255656603,0.544365205339066,0.531400572175943,0.489392907101559,0.412217520287575,0.338528832298174,0.389560112284148,0.447263971048078
128,0.196534124877232,0.224655816525284,0.276633573168249,0.355895804654266,0.45052962883093,0.516285442822894,0.462615793625658,0.421014324208575,0.460329205690728,0.49314492108529,0.456046574265295,0.411721301528868,0.392528937141226,0.38598219425229,0.410480941429875
129,0.225438745064928,0.148337446367502,0.174976992617329,0.242525887836317,0.293118023959626,0.301795703260345,0.215276276077492,0.158318668910616,0.186559998321781,0.235669919474467,0.255807118425711,0.268792993663558,0.266540624759099,0.178175887715608,0.186130140438259
130,0.231760944305324,0.153790793287291,0.133459637544795,0.126934461740284,0.0963885325026215,0.106050314003865,0.0993766932478018,0.0633513914497522,0.0894083900989747,0.125708103620315,0.118360856942766,0.0798266897355693,0.0190117934534935,-0.0250813052769338,-0.0174338245314632
131,0.1988374262221,0.170338089731944,0.0765331301228646,0.0129275157216792,-0.0196700142953708,0.0291397960545409,0.0741009078576437,0.146807743054602,0.1188034239179,0.140396794525127,0.220963705417232,0.299038184793715,0.329638777226393,0.286671185362643,0.286741357016573
132,0.00134532051602206,-0.0151272582680021,0.0781729027507839,0.192504018191038,0.215598616196136,0.161443417986428,0.146376182348923,0.180356398477071,0.168240949842451,0.12784581865901,0.096808442184977,0.0993671545114555,0.132074548468969,0.108733782728252,0.0340924135948128
133,0.0765495637669071,0.121895334523485,0.143364621431308,0.15911380260751,0.197680413763757,0.252612970777516,0.35003366091481,0.39066388527866,0.350374839682415,0.300462885776574,0.282857873854148,0.255213352089946,0.230199762078527,0.249082804610199,0.24459936656843
134,-0.292509870903675,-0.312163423994013,-0.262467790254014,-0.204850301657123,-0.18510800554835,-0.234695779163817,-0.315322947597702,-0.329759668113321,-0.289547216280048,-0.231038596113762,-0.200274180466484,-0.190406427913431,-0.213192411168668,-0.232703150951849,-0.223213546693564
135,-0.347586091070433,-0.300396809866813,-0.292102497121921,-0.32820893366195,-0.378460791040775,-0.41427247490874,-0.460674034641706,-0.50348105407752,-0.469512920843551,-0.422222674330087,-0.45200677283493,-0.530897430017925,-0.575852060811658,-0.556613515022737,-0.573334396103765
136,0.504881508132615,0.43920123456139,0.461353809998421,0.495118540025164,0.520048732193331,0.593716716986749,0.62453010606647,0.595170430994171,0.600774039877397,0.599269586055233,0.536321591666852,0.487402312689269,0.48625749325822,0.506733500668651,0.532163131713647
137,-0.149862932056538,-0.20563146010993,-0.228727815984554,-0.252999060915092,-0.294920507416298,-0.410962108971152,-0.493724751475649,-0.500665452272136,-0.452246391514649,-0.380324781107139,-0.307868773712075,-0.264559131504979,-0.264767059895393,-0.296471640548075,-0.323411882638488
138,0.260416377268553,0.288085361637997,0.232276765315823,0.184771794147262,0.133533810334839,0.0929293831010072,0.0489438706066709,-0.0252450404028204,-0.0255767693861255,-0.00684868780432829,0.0264260941737385,0.0146661230412372,-0.058868073408756,-0.0826013020910403,-0.0459248395560921
139,0.17589257122375,0.177030921899219,0.119506731284849,0.0670530708450028,0.0943337287492549,0.122593605322523,0.0920935443833566,0.0895328123608516,0.107715634988102,0.0992263642586426,0.0578338044742423,-0.00686228670391476,-0.0466913072061945,-0.0387777860294599,-0.0417831041771631
140,0.314422701676814,0.230188617598282,0.12191234236826,0.0719192038325026,0.111876353183527,0.19140458493162,0.285927242282769,0.375336240396591,0.28623162505746,0.280102064798529,0.380511415329353,0.461939048614729,0.505498485064422,0.486085011529849,0.493397788501512
141,0.351120935084052,0.336066194745665,0.203799177570751,0.133692518496507,0.139251263181131,0.165607996537584,0.107889484852139,0.058537324258699,0.0759987294077415,0.102004066591499,0.133107295708289,0.15618353118791,0.221649470870382,0.293411940619043,0.384797776169414
142,-0.0953165797509916,-0.147417909400548,-0.102911431376007,-0.029488860671788,0.032297409162244,0.0965940550540172,0.0987601318563778,0.109779460039841,0.0834786606641582,0.0156981419802453,-0.0601854545045761,-0.0987344546900106,-0.0887208489084015,-0.0755606343027157,-0.0994000858139284
143,0.220048643849529,0.296983088593928,0.351515457662669,0.392210402677933,0.511008309039825,0.543876806924586,0.489213773328436,0.510126491546601,0.533151872892235,0.537813293570507,0.527716073805512,0.619326524404363,0.685731998869341,0.678936480118742,0.698625256781412
144,0.0735331853030258,0.0324149480058632,0.0459776068426365,0.0805531971129772,0.147773286734449,0.192522224221664,0.203305731827087,0.170464068688793,0.179816606381048,0.152785370499181,0.0957190642753302,0.0364180384839476,0.00926894447525944,0.0267580390229257,0.00726300692500096
145,0.230590399908052,0.198367188158532,0.161681610316597,0.0904600913676661,0.0362418959137332,0.0163315652629304,0.0111740391938433,-0.0092496648422667,-0.0208656124413927,0.0134114378719843,0.0697312064997083,0.0804290438943914,-0.00435196513964262,-0.108139034255422,-0.127116532360636
146,-0.200399053292692,-0.150483949306624,-0.204530117082572,-0.256573366635532,-0.277139195623164,-0.26176493484524,-0.259673623044211,-0.286137983586544,-0.312527140927408,-0.370681331674042,-0.412510903070083,-0.450083631468247,-0.488559543890923,-0.482557134624659,-0.448818920419773
147,0.0103166857110698,0.166189417468712,0.1918273586269,0.146718048531077,0.0557904408318029,-0.0302251147441045,-0.0865412119040336,-0.151115382202935,-0.135446636375053,-0.115571490362416,-0.0752169943731253,-0.0409860884285784,-0.101090274943947,-0.208035253083899,-0.260417737013777
148,0.254997410655179,0.270902357356201,0.202024603546953,0.151320757241002,0.11483419235579,0.0956599678591855,0.0862157609446183,0.028945068702982,0.0220439065497643,0.0375815984661583,0.0627089872039385,0.0543733954668854,5.47810341847275e-06,-0.00977303365741094,0.0434265693411426
149,0.303483333442776,0.254537944536446,0.256325082480632,0.289733755300868,0.339242530310971,0.386010347528391,0.413611397990693,0.411786880547365,0.393409659073469,0.34395457984234,0.310997652189355,0.288944354829063,0.293257097091468,0.310827208380766,0.288807063909981
150,-0.0929662437140795,-0.172231588739667,-0.276746767494078,-0.365450673278127,-0.416463691992553,-0.42236073712722,-0.395957858814017,-0.375246415923936,-0.380575086313208,-0.352988909471863,-0.338264890905632,-0.322853204182703,-0.326726859091293,-0.338253579780943,-0.328754907372095
151,0.521787293164582,0.558574148661681,0.529820796545137,0.546084277227289,0.566223512196862,0.53820514027219,0.473027632966449,0.430247725527418,0.47206962784073,0.524138228692847,0.530069705452257,0.494807017335593,0.473240363572773,0.527924598265786,0.580215888195531
152,-0.0402213054065155,-0.0880514077965297,-0.174514378939381,-0.186475746208267,-0.147191606306709,-0.134868021907657,-0.195909428017586,-0.232814732988899,-0.221422576543311,-0.216655363509106,-0.234251386370122,-0.259587197259537,-0.273436697865837,-0.209208393576395,-0.162929972506631
153,0.400788769419279,0.336458089695213,0.332196763446528,0.378524106419015,0.436452513845968,0.481887502945173,0.432644365213831,0.400319355566877,0.449224305434415,0.48125351631123,0.50065237389952,0.523785406133636,0.543538384816437,0.517947712241961,0.593025398122466
154,0.0607535660213091,0.0952483588868684,0.143291968422262,0.191164560292121,0.219829639897445,0.253378821754929,0.268170287910462,0.243546839352316,0.246052738433576,0.221873895530665,0.169545527566367,0.121178058654172,0.111781921931141,0.13527765477614,0.117364373850359
155,0.555568950729811,0.582079779213332,0.583306393554172,0.594213531496385,0.579037748911658,0.631571521256244,0.700263347917138,0.657000233344522,0.686844227102195,0.701302784908795,0.661483813862018,0.662774272062579,0.593606518941694,0.593154754342542,0.627702169631997
156,0.0393280655363118,-0.0623841609621248,-0.219625650682505,-0.321506599498215,-0.347999267791452,-0.298961674901676,-0.239854374992635,-0.196629069189802,-0.193481221746874,-0.103379758066889,0.00282626784116025,0.102258729794719,0.143430579575967,0.164043433677085,0.19385958660264
157,-0.063785838151178,-0.142321198534513,-0.134877274003948,-0.122046181903529,-0.116568127983543,-0.200656434440481,-0.316654517875276,-0.312580655737577,-0.278057051437138,-0.249007652949856,-0.246560730705137,-0.234013126215114,-0.224994287160375,-0.236360448861889,-0.19687331991224
158,-0.0525620120778359,-0.0959547302625494,-0.0963862515277348,-0.047010822273157,-0.00793687858641718,0.00246353095992448,-0.0433632818372703,-0.0890223462275833,-0.0400736228701149,0.00294575588149853,0.00836151741470494,0.0185359804579875,0.0189450782972591,0.00398663878183662,-0.000927140255880349
159,0.343256396781893,0.490103057946715,0.555057280224772,0.55862597692818,0.541297539281157,0.495047302226695,0.426714568317821,0.333506434430913,0.362889498955362,0.382579134302812,0.386690818964462,0.328091227290605,0.244462874641312,0.221499056615679,0.241425213731652
160,0.267550096624425,0.339389219044845,0.466712154296413,0.518046983935353,0.492937086675058,0.401499858178968,0.341173912848646,0.306531868944208,0.270837563192723,0.280004995737063,0.308471082255284,0.418582899207443,0.534422483252796,0.577732489478204,0.560436293343423
161,0.20960790680712,0.179692448870795,0.134669933620604,0.151705458026011,0.139015357341105,0.0881452803395316,0.044406660423039,0.00974719577550064,0.00976931133757323,0.0131447242764808,0.00158171110726375,0.00290837837773682,-0.000197427864513335,-0.0239317135247292,-0.0851270733658755
162,-0.119406013977678,0.0399379937479722,0.15125198797762,0.16498379708129,0.15467046177097,0.123191275348023,0.074362541081932,0.0305810538286176,0.0463701485639768,0.0530837748588147,0.0234530538989983,-0.0843050186646942,-0.196929252572075,-0.24436160368141,-0.244024855887804
163,0.610235464527891,0.808784027034927,0.863411022254346,0.822972900174494,0.729052717798502,0.586949413124983,0.455297191172369,0.364137563673283,0.342002829595958,0.351538765937669,0.371945022082213,0.373310846245675,0.287094730234084,0.146074117653024,0.119031798673564
164,0.514733205281929,0.405177610663504,0.333938957668411,0.293635396501713,0.292850387246858,0.299304308443221,0.337781397305161,0.377832361388562,0.351287406634158,0.327124882113559,0.304883180433064,0.284251521013232,0.261888587827083,0.221957720869072,0.235141402980084
165,-0.0344564691548894,-0.0134421406955839,0.0177029568690374,0.0159453768465627,-0.0207296408627245,-0.0712587352894491,-0.0930345012856997,-0.0756127526024184,-0.0590483576975305,-0.0158113164072461,0.0348736863396755,0.0992311608887793,0.120858595655483,0.0507026784788783,0.0230549641976498
166,0.442474497372825,0.381915678629434,0.381267848303648,0.392120199415253,0.408434827514118,0.475845686367809,0.514867220344228,0.493676930133102,0.50452427064338,0.501453293156002,0.456883627990266,0.40813613363392,0.381403132082365,0.375693029377305,0.383125584334893
167,-0.838779048891487,-0.843874223863866,-0.832569242962743,-0.819986901510754,-0.824465449767781,-0.823017990725262,-0.872162507138337,-0.902651762348874,-0.901708602366363,-0.892642127176306,-0.952046177692673,-0.999527387548052,-1.0108696492994,-1.00091691825182,-1.03864414718508
168,0.381664125518795,0.152131027988502,0.0330358180572815,0.0153736353944252,0.0274613444642517,0.0266454943113593,0.0596792157657051,0.162629244705343,0.0961003160665478,-0.00888774187721354,-0.0646801896143667,-0.056590064769414,-0.0370369397749149,-0.0663972973490914,-0.113379311337116
169,0.435767119388814,0.337637699285169,0.326873555658971,0.362294102559931,0.320693786375345,0.21344247630512,0.281186586277219,0.420358315164183,0.379029828011274,0.320432841173492,0.316869071429283,0.39565961565913,0.507699565177547,0.52252754782679,0.465262746842348
170,0.51936149143011,0.473416272150216,0.446566718989031,0.409635023210793,0.387487765658543,0.405797153571711,0.404129522405091,0.365057441264458,0.386183128851717,0.398398249302969,0.393021713771037,0.362832375774656,0.306531069906794,0.273236540452916,0.3059655037938
171,-0.395072250098604,0.00269068342594264,0.0984191233430538,0.0805896297823101,0.0248823238895259,-0.0491689048815904,0.00217396765677172,0.147572824968512,0.145461245035431,0.10924513916887,0.115726505259975,0.185574542586876,0.260659315916292,0.250131744096882,0.210026879277038
172,0.172822839383752,0.0692851790972595,-0.0810566386226647,-0.208812738949106,-0.22072166679591,-0.134690803948629,-0.01713022124695,0.0454654402562079,0.000770536524341153,0.0317517912068761,0.132090435024714,0.215122745411775,0.282938513139971,0.306856233783286,0.340199111435914
173,-0.0368053328568665,-0.0974721070923013,-0.142494078683509,-0.153936306386097,-0.185411003037892,-0.146991537586756,-0.134884256856129,-0.118268819269252,-0.127323284512362,-0.103907327733502,-0.069473742761273,0.0056306055273628,0.0237911378570684,0.0215979353629253,0.0770330427178821
174,0.260880325138187,0.341387597782787,0.529997691279795,0.660657241728695,0.549248880970025,0.366855926760731,0.35047356779624,0.346460979039299,0.346683096121305,0.296214905321484,0.171489653915865,0.0945802311848778,0.116361253899326,0.123735397626477,0.0269809213801008
175,0.254808224873181,0.190121405005266,0.076290881815829,0.0295548899181863,0.0608083714543732,0.0773059757679835,0.0906949659536947,0.124231232520346,0.151893520008152,0.192440783600255,0.223923055752424,0.253158900495977,0.256377773414816,0.229039787946562,0.216608314975376
176,0.00860685975512523,0.158225451405302,0.225823383786909,0.269541709604177,0.318176923083776,0.348291159397043,0.316456832090429,0.277755611210402,0.326923291431151,0.367980249110472,0.34657916516494,0.316366057022638,0.302502690301518,0.313785826104878,0.370234700594924
177,0.360316945873499,0.40336472588489,0.375225123950259,0.33050339157271,0.264365868162447,0.243950555576891,0.243709877277543,0.205009465009799,0.177536064178299,0.197109902227981,0.259217523684739,0.287189716785205,0.20089021196462,0.0891225645083962,0.0639695597268467
178,0.186128560700209,0.171143703520013,0.184802258274037,0.209852230946456,0.24230049990519,0.301242382592253,0.339913720555479,0.316821553825151,0.322435500409671,0.325481152555834,0.338606829772483,0.39403175470828,0.409800186604553,0.412117733124604,0.457495016562698
179,-0.46352711762077,-0.507897362348306,-0.64318867840841,-0.802853776356816,-0.899828443854789,-0.9160354026074,-0.842246734167042,-0.807122911350657,-0.811288801247762,-0.797714489880263,-0.728810425584737,-0.605271357157543,-0.523981706651717,-0.479439603571222,-0.419298635894358
180,0.419310110387368,0.45994534910209,0.344927019578842,0.322918594210034,0.340952089835941,0.386242464885207,0.396626578993702,0.371616769351565,0.3707127457895,0.397290969875651,0.409380214926144,0.393263954283843,0.36323602795768,0.438600906243086,0.494050592256728
181,0.319116283624542,0.301039555817147,0.245597619279393,0.186558826571135,0.16278517557941,0.216209297548661,0.26657484483189,0.263638746602395,0.272263510214994,0.274887871426847,0.241324298535591,0.193123758617628,0.181654388188345,0.199067151129993,0.242451265889205
182,-0.106930270146663,-0.127113096454982,-0.219289853467877,-0.324489584848513,-0.360787154225848,-0.35455687503644,-0.313133026948782,-0.255445228362,-0.280870517703208,-0.31991631010567,-0.367240359811923,-0.389086453000185,-0.397755738077765,-0.419366276113374,-0.434103086706752
183,0.326224696883025,0.203769824600986,0.197724899950766,0.187751398294926,0.192603247672062,0.228539681120056,0.216668383110452,0.188730649946479,0.208986031681244,0.23120125755099,0.210253562557744,0.166246618731965,0.108365049311842,0.0618633608205186,0.06126285386139
184,0.149811381906642,0.263313415948562,0.349834481151968,0.393733267769779,0.407276047050608,0.389932470441298,0.362507561900683,0.325529314753514,0.330939348579326,0.332635426234917,0.32892468931696,0.332064262651914,0.377797729964835,0.442972424667419,0.418830063462504
185,-0.373773446601945,-0.302661868996162,-0.402707498614179,-0.495851518549072,-0.537512800028595,-0.560056299063989,-0.621201438516979,-0.59337894751451,-0.586049709816523,-0.577398557247678,-0.56568698012197,-0.54502685420663,-0.506678771103588,-0.444086392022463,-0.36728344330489
186,0.109882923059407,0.106588359206851,0.0126262880411629,-0.0554400012075172,-0.0755696693891693,-0.0781286863616655,-0.0543549020519587,-0.105111782721842,-0.105368998338579,-0.0813213364850371,-0.0706944342028815,-0.093507895632363,-0.165540427588692,-0.229616853825528,-0.181277579124961
187,0.482951003593142,0.339402030331601,0.190802164502185,0.107843816290692,0.0917810730717463,0.134992865131934,0.152397980412626,0.169536204252178,0.171530065454638,0.247804990502515,0.342663250950512,0.434703019333851,0.503596091945759,0.538529525278554,0.525460846696624
188,0.262742871040685,0.24315919058451,0.270582116005029,0.292058095877186,0.263196416564642,0.183215950803446,0.112339608714775,0.0879299160321951,0.0881469877818537,0.0804471785044034,0.120591781426236,0.198713355415216,0.272304727401097,0.256635329740231,0.218856284033743
189,0.671473229912333,0.853290460184622,0.928627437375998,0.922584624168401,0.854752037897068,0.770491689021632,0.650239380998582,0.563748535707126,0.556767094638091,0.576358227082508,0.58728354644543,0.586960446318151,0.458716823212767,0.325969690442641,0.276095285967714
190,-0.378286507089603,-0.472161176695438,-0.506429548544007,-0.517612315704697,-0.518098047699903,-0.524733087025807,-0.56204347490632,-0.57865189309336,-0.55571136923072,-0.553052778136828,-0.53498438857993,-0.51410955497326,-0.50663241167821,-0.510582724505848,-0.52131327417302
191,0.234790817175329,0.213482276862424,0.283992642046954,0.340057224541947,0.383459142366624,0.413802729730437,0.428054743860141,0.395811131853035,0.396481220816352,0.376769047697448,0.339878972886208,0.320430637565587,0.373771552455978,0.450037583204613,0.409112220573503
192,0.0470916562916984,0.0835165976867696,0.053056908750879,0.0913598924265941,0.184048509002894,0.248885323838101,0.25439568886635,0.199236922942496,0.247914513823239,0.266472134388778,0.24360304725354,0.183944220274015,0.131831958831912,0.107686825663832,0.113032733847595
193,0.0370151980402358,0.00469438267390664,-0.0519613992870133,-0.0678664632701703,-0.00408476774893545,0.132063249168623,0.269302478999322,0.346126691007222,0.296205082230317,0.259711684953797,0.318751000706424,0.32092992263518,0.301640671476185,0.319188481153739,0.303794793027542
194,0.306378664013513,0.226278384256824,0.136128815314616,0.0685434800180748,0.0585663132895969,0.0463845844537208,0.0539579322706535,0.0826262247031224,0.118458987001429,0.18062267424124,0.258179823447417,0.305373041743186,0.301947076405634,0.263420512049299,0.26362202038733
195,-0.238291600219091,-0.218536096667584,-0.158908246002771,-0.0939025599592956,-0.047377754682405,-0.025756477208437,-0.0278057880236508,-0.0634633676617828,-0.0658862568498843,-0.0992078641219987,-0.144464819533986,-0.203556625305809,-0.226796777491917,-0.205739593222785,-0.251661693572211
196,-0.230434175882766,-0.313731749146075,-0.408162708221141,-0.47263924234298,-0.47598357308015,-0.44477526746642,-0.412506306289505,-0.366006999135571,-0.339038736430453,-0.276474429028684,-0.193107035510873,-0.119291701549221,-0.0742265744918525,-0.0289152856619903,-0.0248846829618073
197,0.0334952035570934,0.0514191682181002,0.129447553790009,0.195210426022716,0.207994272235195,0.18436067971639,0.141320781645384,0.119838966401145,0.115844561029056,0.103922429376361,0.0917218283102428,0.0958024886309146,0.140112845809987,0.15269732736995,0.095280755274922
198,0.27815252373161,0.212097238187068,0.0754456522667977,-0.0203550415329716,-0.0562714087751986,-0.0215480330937267,0.025276652048545,0.0506563482939184,0.0169493359104191,-0.0100185417114494,-0.0254136746023765,-0.0109989503801321,-0.0099563788055686,-0.0327160990849706,-0.0147140646363027
199,0.293101141641962,0.357218309829199,0.445020644730244,0.501155810328065,0.567568860305429,0.555742656640865,0.487985038135011,0.453780100152051,0.473882546098203,0.509680678006411,0.553345117568321,0.645841003345738,0.73331300470565,0.739262444740875,0.718522994749345
200,0.170859824025433,0.400751616283862,0.488740943942538,0.523230455995988,0.561199574592583,0.547120149154421,0.506814885502423,0.461099724873677,0.495948232534432,0.530214470850006,0.506356447481891,0.440638976894032,0.304933359186854,0.214270662210676,0.220021997404642
