region_names,moments_1,moments_2,moments_3,moments_4
L_V1_ROI,19925.4204415755,3618.38096046395,-1.51381105322284,4.61514706516823
L_MST_ROI,19360.4725158849,2068.20492874962,-1.13024177819428,4.36504033365826
L_V6_ROI,19083.5147859926,3443.0061798863,-1.16016320892476,3.68787588925485
L_V2_ROI,19800.3977056877,3438.38239163575,-1.24853617861331,4.04940071424188
L_V3_ROI,20182.6509154751,3770.74320469406,-1.14574915885886,3.70437550179885
L_V4_ROI,20043.5905901129,3675.32756850253,-1.04848245480159,3.56301018490307
L_V8_ROI,21051.2082576914,3867.54200259244,-0.862626272927186,3.00905667367206
L_4_ROI,17854.3973801814,2770.90718575107,-1.72642030728328,5.28259840151065
L_3b_ROI,18229.4266659681,3502.0981280598,-1.34815751384467,4.01200773589705
L_FEF_ROI,16181.7530897209,2013.27090017209,-1.75084950474512,5.76774570418879
L_PEF_ROI,16364.4911159582,1922.89806797303,-2.01656156545064,6.88809617227814
L_55b_ROI,16252.548210575,2249.6587559738,-1.95668577634527,6.15373320941833
L_V3A_ROI,19248.5147824048,3988.56337988794,-1.08683352469842,3.62612242550796
L_RSC_ROI,17979.1569326616,2356.12778388327,-1.59988745787295,4.92987867241635
L_POS2_ROI,20194.2937609897,3607.05404328274,-1.18562644400784,3.89772651522078
L_V7_ROI,18058.0118623278,3248.93470345445,-1.18391774391476,4.00601788529956
L_IPS1_ROI,20305.5079705695,3381.3596568375,-1.21103646484607,4.0850209792688
L_FFC_ROI,20730.8045245926,3316.26212634617,-0.980042934463901,3.39413479822616
L_V3B_ROI,18920.5013784677,3566.64670424902,-1.02699477900475,3.72306416511463
L_LO1_ROI,19672.8820178279,3598.79204067012,-1.21722455907108,4.02701223342396
L_LO2_ROI,20107.7017852072,3067.81538947154,-1.15218639475598,3.97762055767369
L_PIT_ROI,19750.603257201,3089.83810471528,-1.42562592399888,4.63896128963105
L_MT_ROI,19472.942206384,2769.0982174605,-1.28069191788556,4.20403173153873
L_A1_ROI,17855.3823991876,3651.07957958274,-1.61340485573242,4.60784087607626
L_PSL_ROI,19446.2620739858,2983.81406162476,-1.3169881929503,4.32726695689797
L_SFL_ROI,16769.5085985537,2530.94080461549,-1.95097780088616,6.00209828936755
L_PCV_ROI,18596.4393802146,2618.71051388715,-1.34349629529728,4.37125976885619
L_STV_ROI,19617.500285365,2987.25118931287,-1.21729047098077,4.00843581520751
L_7Pm_ROI,20918.0635647087,3430.67249178527,-1.16833527436553,3.8140406586183
L_7m_ROI,19707.824341895,3345.98913149236,-1.17031984757257,3.78797024079741
L_POS1_ROI,18479.7147728479,2813.00413387709,-1.38043192777686,4.38804571725789
L_23d_ROI,17470.5109147513,2404.89004338291,-1.83305500729576,5.67353266798546
L_v23ab_ROI,18218.2648241817,2356.16790786388,-1.51812508038525,5.03982933697767
L_d23ab_ROI,17935.6476001069,2158.21545568681,-1.93613949293172,6.21725019140732
L_31pv_ROI,17717.9143103405,1959.77703059801,-1.79384745293159,6.18335542423809
L_5m_ROI,16751.4082575101,2858.39768214832,-1.66638573391343,5.01746209702575
L_5mv_ROI,17062.2402821909,2381.9580465333,-1.60390809216814,5.2527824351554
L_23c_ROI,17317.9308462513,2419.59110666442,-1.56343929028853,5.02948631658982
L_5L_ROI,18317.6515348711,2931.21171301013,-1.49399858357973,4.59507090556601
L_24dd_ROI,16851.3026144545,2756.55676413584,-1.65565117836523,4.92025385652279
L_24dv_ROI,16163.559420781,2486.66625162318,-1.63270130801215,5.07293081356585
L_7AL_ROI,18689.8763819206,2880.0032753437,-1.48119305015647,4.69835524313668
L_SCEF_ROI,16642.1491342737,2560.02019782639,-1.90665377222221,5.82297063936571
L_6ma_ROI,17312.0391221791,2419.71688098036,-1.95236509528776,6.25542560845616
L_7Am_ROI,20172.6652090329,3311.82552259477,-1.40700033908802,4.40879314406934
L_7PL_ROI,20919.3980497082,3475.41100459975,-1.24702093551843,4.08158497858206
L_7PC_ROI,17880.2144611168,2952.93010207344,-1.50958466532987,4.66634352764321
L_LIPv_ROI,17836.6128530316,2805.80860338689,-1.32082390293372,4.12866012137669
L_VIP_ROI,19887.5215511853,3658.76390175881,-1.29556162744955,4.06185801282392
L_MIP_ROI,18175.3515872649,2868.75930732378,-1.12970956796021,3.84586535655441
L_1_ROI,18372.437690986,3339.62531063991,-1.57937336443953,4.70786602314065
L_2_ROI,18085.3267557819,2715.73449901117,-1.52532232420371,4.89812943178114
L_3a_ROI,17411.4766431645,2711.86081658123,-1.44324120339251,4.59700710198268
L_6d_ROI,17666.2199615201,2720.02110982212,-1.90993159023491,6.23579946002243
L_6mp_ROI,17795.143838628,2495.75559678721,-1.75345711268917,5.46914777347418
L_6v_ROI,17332.10660538,2398.65105860447,-1.65146875349094,5.20986932492089
L_p24pr_ROI,16265.0931286518,2906.87238812695,-1.48807886260045,4.4891514627949
L_33pr_ROI,15581.9528287738,1909.01224225428,-1.72528502602638,5.34245726258828
L_a24pr_ROI,16147.8607260984,2164.6087895118,-1.94367952730685,6.22928397173258
L_p32pr_ROI,15920.8233863381,2437.51040987062,-1.82748635499052,5.58805577792717
L_a24_ROI,15033.829800699,1869.23847185173,-2.23299739469209,7.17572869737236
L_d32_ROI,15296.1324244997,1935.82785436898,-2.11092726902706,6.64553309307988
L_8BM_ROI,16749.7654144951,2576.64063009889,-1.86206578700593,5.70683481598005
L_p32_ROI,15216.3753070401,1843.72519064999,-2.10826622960994,7.31403429644529
L_10r_ROI,15469.504736001,2062.02817475683,-2.15878860563922,7.05980332885894
L_47m_ROI,17162.9232135452,2086.37929112792,-1.9712212329324,6.19470608816605
L_8Av_ROI,16560.303831277,2592.12361630764,-1.81144438459793,5.58061763019845
L_8Ad_ROI,16505.8856366368,2136.73799200624,-1.61770421984662,5.35198793631914
L_9m_ROI,14155.7259486146,2012.65167602664,-2.02690983620274,6.35980321579326
L_8BL_ROI,16179.0940383361,2627.26660879689,-1.86237581671599,5.82831668472046
L_9p_ROI,15040.4941950404,2304.83973004884,-1.75079320004708,5.5203062051038
L_10d_ROI,13589.2496172426,1836.35931894898,-1.87918379635498,5.99413041996769
L_8C_ROI,16689.8652040334,2225.53251702775,-1.6618578772683,5.39534613153097
L_44_ROI,17312.6383881571,2259.06567590878,-1.90449325466661,6.27564749535374
L_45_ROI,17245.594032833,2352.65975342654,-2.03776878375575,6.43337798156752
L_47l_ROI,16916.9859878716,2448.93013072018,-2.08204529252705,6.39319922618808
L_a47r_ROI,15629.9086841806,2087.90126591219,-2.01176132631713,6.36162223652213
L_6r_ROI,17593.7350269072,2408.71745228458,-1.75525714127531,5.67637364883502
L_IFJa_ROI,15878.3556904575,1841.83613065421,-1.85632681547046,6.41660953347522
L_IFJp_ROI,15905.6538627408,1677.43187939863,-1.92161650714385,6.7431720906065
L_IFSp_ROI,17071.8192318839,2372.59083907967,-1.69726433977161,5.45812934989593
L_IFSa_ROI,17523.5424011436,2409.51293791094,-1.78618809222005,5.66044577159729
L_p9-46v_ROI,17068.9990976494,2556.16127840964,-1.75571051265859,5.3773626299604
L_46_ROI,16143.4215500363,2322.14829024893,-1.79958571700951,5.53392614530463
L_a9-46v_ROI,15084.8842665669,1957.20141350676,-1.94508286082484,6.15836267924477
L_9-46d_ROI,15638.5890968162,1964.0456086107,-1.62064963904245,5.17323726375684
L_9a_ROI,14116.6759939125,2059.64117146172,-1.8666090392326,5.89716912786318
L_10v_ROI,15138.9929144785,2112.86520478595,-1.80608841788991,5.65255725263469
L_a10p_ROI,14235.3475420126,1630.3660213485,-1.91120275497202,6.18037006637373
L_10pp_ROI,14459.0462593401,1821.32500806742,-1.84421053669648,5.7213203902556
L_11l_ROI,16085.9371692776,1976.47510672131,-1.81245137427319,5.73619714662527
L_13l_ROI,16877.0512506283,1990.4003094607,-1.93050736992508,6.10409319339193
L_OFC_ROI,16910.6483124152,2614.49036243002,-1.76874661863525,5.40475553336397
L_47s_ROI,16333.6847228252,2016.38168058299,-2.18719590884587,6.90496292567832
L_LIPd_ROI,17173.2790958701,2221.18977827775,-1.29407592856964,4.47012582097671
L_6a_ROI,16566.2869647008,1479.09621360147,-2.00657700394728,7.30328252671986
L_i6-8_ROI,16223.1490933382,1870.57118967216,-1.94920405266452,6.50687451571635
L_s6-8_ROI,15931.6778754315,2380.77002907598,-2.09892514353347,6.61670618795413
L_43_ROI,19139.5055091453,2732.45011596997,-1.56378136271125,5.01616689199254
L_OP4_ROI,18318.2425621246,2647.16757452405,-1.74043331800436,5.37730958695574
L_OP1_ROI,17558.547678025,2751.69467899099,-1.92562672397231,5.98222075677646
L_OP2-3_ROI,16657.5325886366,2854.25216516542,-1.56836492875907,4.71554739245388
L_52_ROI,14864.5767349197,2747.7440037196,-1.53802634888342,4.69240958749533
L_RI_ROI,16203.5785132007,2392.81982144207,-1.66662843686675,5.64041431223414
L_PFcm_ROI,18036.9153935478,2340.18989514754,-1.67177419196859,5.55679689468883
L_PoI2_ROI,15477.6993470999,1864.94103895474,-1.76939566120292,5.29713394512742
L_TA2_ROI,18101.7862399443,3014.85418558836,-1.44321493531881,4.4036117261652
L_FOP4_ROI,15002.4189397424,2179.5407977027,-2.01042822582934,6.22048350382388
L_MI_ROI,15342.0577479438,1689.49372181,-2.2086866326603,7.01302356634286
L_Pir_ROI,13991.5223293664,1162.23559628352,-2.02165352671816,6.58238807309656
L_AVI_ROI,16187.4207655554,1603.82163001657,-2.31593074520423,7.8038184432949
L_AAIC_ROI,15135.8537193327,1387.80894226609,-1.99282388360579,6.37546058846498
L_FOP1_ROI,17274.7545801752,2624.58491002268,-1.7174598393139,5.42447623745649
L_FOP3_ROI,14261.7971099433,1950.8003850772,-1.78343656036094,5.6445288910328
L_FOP2_ROI,15785.8863924674,2608.6705909084,-1.7187398137315,5.30151295425961
L_PFt_ROI,18475.7097003893,2385.26639657499,-1.61290479548978,5.32152238540725
L_AIP_ROI,16453.3695578791,1891.9445736134,-1.40555106885438,4.82363587691542
L_EC_ROI,18028.43172174,1036.72090091438,-2.49189345465012,8.82637334626558
L_PreS_ROI,12987.0334543436,2611.1367701292,-0.690427321194552,2.21364801378753
L_H_ROI,17550.5513141187,2328.43637026638,-1.45593552274069,5.10808483834612
L_ProS_ROI,18412.0562598423,3152.14553379274,-1.35377431504464,4.10932039786567
L_PeEc_ROI,17964.3935274804,1758.74201035203,-2.31486922563618,7.98545185056389
L_STGa_ROI,16253.8039227744,2162.84892385671,-1.84384223062959,5.82215718243965
L_PBelt_ROI,19996.0935148579,2823.02890773462,-1.43615021211447,4.59348811953168
L_A5_ROI,18896.7171618597,2604.32820853621,-1.66469722403433,5.38260340204966
L_PHA1_ROI,17145.5894855626,2082.04046319655,-1.51227364381305,4.6315405792546
L_PHA3_ROI,18803.2078068182,2638.05733851298,-1.42079704795596,4.56703571216481
L_STSda_ROI,19154.9501050267,2412.30108228125,-1.57310174216072,5.40552381236637
L_STSdp_ROI,18184.5280646133,2389.12145898152,-1.46132165032723,5.09659373311652
L_STSvp_ROI,19255.2477360477,2434.91586899039,-1.11631747592013,3.91525891753512
L_TGd_ROI,17425.1475166242,1732.41717112512,-1.5242127466456,5.49320201089851
L_TE1a_ROI,19026.8122440765,2381.13523907759,-1.53230417881802,5.11488268172786
L_TE1p_ROI,19409.7913203731,2552.20039049867,-1.20901951067607,4.1365379253394
L_TE2a_ROI,18652.2031709651,2075.55254179061,-1.4225512253856,4.86871785811047
L_TF_ROI,18415.3669872078,2179.74470891364,-1.37867830813857,4.79840691990631
L_TE2p_ROI,18278.5723005596,2316.07322235142,-1.18947552860498,4.16594173154676
L_PHT_ROI,20956.5318495305,3022.15570387621,-1.05013043927546,3.6058809065839
L_PH_ROI,20276.3647917177,2919.54528271636,-1.04495244186967,3.6438501236329
L_TPOJ1_ROI,18141.4771309216,2382.42491668218,-1.29369414198631,4.41312279240489
L_TPOJ2_ROI,20274.6364432214,2823.76763959956,-1.16389458692567,4.09406071238464
L_TPOJ3_ROI,19192.3179486575,2520.54006178321,-1.20796774507324,4.29480590673317
L_DVT_ROI,18709.0151409286,2713.85295955808,-1.24009184171645,4.27792275486246
L_PGp_ROI,19356.5067320802,3138.77170828157,-1.2315741440455,4.17639223572498
L_IP2_ROI,17520.5509079138,2116.71620223912,-1.58155149391869,5.39535283578902
L_IP1_ROI,19584.0877001964,2976.0563869594,-1.14318848300834,3.93483830830406
L_IP0_ROI,18990.5714038946,2793.53426288825,-1.07527370372474,4.03805202601058
L_PFop_ROI,18655.489800927,2907.88130016898,-1.63643352109475,5.10237046911055
L_PF_ROI,18685.7721370308,2721.20075626275,-1.47460372228902,4.74898890697275
L_PFm_ROI,18954.8161251895,2961.16205542053,-1.44548874368896,4.66845682516712
L_PGi_ROI,18693.7188448645,2349.52693932737,-1.29583539230577,4.55884173623396
L_PGs_ROI,19788.5568794373,2981.22428895456,-1.23331401113013,4.16344079102453
L_V6A_ROI,18675.1449462097,3306.35676349101,-1.40906988081187,4.53648853642787
L_VMV1_ROI,19704.3525961535,3487.59519769988,-0.99900960038621,3.26762261097712
L_VMV3_ROI,21655.8376744257,3456.47744493826,-0.763475193211631,2.92987839513932
L_PHA2_ROI,17241.5098789417,2477.37134941723,-1.35161126069419,4.51851491264549
L_V4t_ROI,20447.0013328819,2951.87837512348,-1.33334902700654,4.59438028031247
L_FST_ROI,19530.2810795385,2664.59031429205,-1.35230787399638,4.58102100048806
L_V3CD_ROI,19327.2833236731,3936.66098941956,-1.1324653861675,3.71958432425919
L_LO3_ROI,20033.0523081836,3479.02669524013,-1.29654569496167,4.27637504235795
L_VMV2_ROI,18808.5394395305,2874.68504251908,-0.987261835260588,3.50763198869079
L_31pd_ROI,17797.2784412606,2245.09618567972,-1.47757984193432,5.00365350895434
L_31a_ROI,17806.2197608216,2738.75424554261,-1.5701002464356,4.83387750775061
L_VVC_ROI,20418.4399748697,3228.17541408125,-0.986316726014774,3.16791606510574
L_25_ROI,16289.6479541966,2160.70433512712,-1.49018501460986,4.98902650048642
L_s32_ROI,17416.1821260764,2040.2600937096,-1.72386936352801,5.93479780201916
L_pOFC_ROI,16192.4847563933,2121.29783770401,-1.38777492797753,4.27844356967659
L_PoI1_ROI,15808.828461457,2215.94022306602,-1.34975413780313,4.51665871694099
L_Ig_ROI,16000.5656091052,2382.1169305568,-1.89351504018846,5.95406341934239
L_FOP5_ROI,15975.0798962157,2214.05668546604,-2.08040928697109,6.63413055909324
L_p10p_ROI,13599.4222453432,1753.21357614684,-1.82303517441327,5.82611037404397
L_p47r_ROI,16832.756483114,2195.80812081077,-1.77554025488222,5.57995711727201
L_TGv_ROI,18346.9294444392,1975.15175906142,-1.5302772469918,5.32852818849921
L_MBelt_ROI,16827.2009588814,3146.58485639185,-1.63594518141059,4.82155811481338
L_LBelt_ROI,18794.249801816,3153.62026497128,-1.626246235866,5.0969709900293
L_A4_ROI,19545.6083593257,2673.58496820839,-1.654251240533,5.34184432471263
L_STSva_ROI,19470.8796785411,2254.73785854809,-1.26134405038605,4.54771992309967
L_TE1m_ROI,19361.5120322217,2509.57466226655,-1.38373692205097,4.65286451154954
L_PI_ROI,15671.0027355654,2870.22916605431,-1.1583260680154,3.80825748659818
L_a32pr_ROI,15546.9937255115,2101.51283272978,-2.00977271551294,6.25824268780388
L_p24_ROI,15350.4977211149,2065.59549606411,-2.03513846879234,6.23067011998834
R_V1_ROI,19953.428920728,3475.0172188853,-1.51542898910185,4.65686589020936
R_MST_ROI,20489.1307272137,2226.03443201211,-0.989021905592512,4.07067740855261
R_V6_ROI,19222.7938703337,3439.99356025456,-1.2978598884712,4.22333335273726
R_V2_ROI,20061.3388753241,3607.99904033251,-1.1814054209302,3.8262279602225
R_V3_ROI,20547.0280693296,3807.01780198971,-1.09760793777865,3.70118255929285
R_V4_ROI,20207.2682439153,3588.73203630952,-1.03062039673324,3.60486819748509
R_V8_ROI,21603.6374461105,3967.84087113262,-0.876099166033011,3.18908096976895
R_4_ROI,18017.9457288201,2462.59473136653,-1.88513966453797,5.88936535941725
R_3b_ROI,17546.7304392278,3314.22418667015,-1.4313408278023,4.24291240423756
R_FEF_ROI,16985.0254034755,2125.45009631228,-2.02731990489407,6.71470160923156
R_PEF_ROI,15501.0936452289,1773.87252216804,-1.92840236336439,6.66148787699031
R_55b_ROI,16419.8990038361,2216.39437490545,-1.99587704799152,6.29494441838025
R_V3A_ROI,19815.6358706903,3626.40620867033,-1.30597777056614,4.14810805952387
R_RSC_ROI,17894.0648104919,2310.16815073418,-1.68271439094388,5.20440115107875
R_POS2_ROI,19157.9102556322,3385.85868234584,-1.33214539741713,4.35264602663696
R_V7_ROI,19659.8380026957,3557.51110195042,-1.17677437184105,3.93707149399862
R_IPS1_ROI,20116.0854909356,3497.7580674908,-1.20238108645728,3.91367866942103
R_FFC_ROI,20133.8748814304,3561.55999481533,-0.897487504888423,3.12846677175427
R_V3B_ROI,17780.5431887891,3021.574608689,-1.12130700702953,3.83128919825299
R_LO1_ROI,19825.9458117416,3651.83900890613,-1.19766240147379,4.07864742698654
R_LO2_ROI,21864.8613211932,3455.08238339883,-1.07901700660841,3.76390222413012
R_PIT_ROI,21199.6348997485,3830.12967640282,-0.953637682479942,3.31098182815855
R_MT_ROI,21365.2324273462,3219.94634256242,-1.28004475320587,4.24671447574778
R_A1_ROI,17555.7877067226,3704.5061359614,-1.57766803839878,4.56852097866965
R_PSL_ROI,19761.1358581013,2982.21713449248,-1.42651634802932,4.54105684508634
R_SFL_ROI,16835.8330022809,2612.40783811309,-2.01662303734717,6.2706445955761
R_PCV_ROI,18617.45836839,2965.48530512303,-1.50455770446654,4.67732036362165
R_STV_ROI,18706.7055569449,2832.3429865423,-1.62580278308682,5.26190147787236
R_7Pm_ROI,20765.0521064804,3917.86562466308,-1.25290306478558,4.0084924482563
R_7m_ROI,19537.6454279703,3046.58279002686,-1.25633965969102,3.96037145900307
R_POS1_ROI,17377.0557504125,2501.09845151373,-1.38249707530913,4.67187067151537
R_23d_ROI,17563.7801343714,2520.65842236359,-1.87609454089911,5.7102093119006
R_v23ab_ROI,18388.1250536238,2140.77649656496,-1.69180035300441,5.55188087346182
R_d23ab_ROI,17935.9043515876,2400.73447669513,-1.72884417363798,5.33181117953858
R_31pv_ROI,17470.3612454733,2236.59636245265,-1.70195913711348,5.54791766188776
R_5m_ROI,20323.7301375386,3461.40582407548,-1.24201466138744,3.63727833831058
R_5mv_ROI,17643.0984519612,2480.08431991494,-1.54482382846072,4.9641402769737
R_23c_ROI,17809.7928814795,2259.73056284941,-1.69360862745072,5.57779169454974
R_5L_ROI,18537.3553563219,3210.58045699316,-1.55916211784184,4.60595304884513
R_24dd_ROI,17934.4125226436,2442.72178037057,-1.78473654165416,5.63110524961823
R_24dv_ROI,17100.0596904154,2091.10641837335,-1.81110503881768,6.07291430693664
R_7AL_ROI,18818.6136007235,3615.31352252631,-1.3672447403868,4.16598705393771
R_SCEF_ROI,17089.3999669122,2582.92250846934,-2.03639347469992,6.36805294695614
R_6ma_ROI,16897.1735008809,2476.8780650282,-1.95328475737015,6.04964746178906
R_7Am_ROI,19865.7460204467,3607.45958699114,-1.54153570153757,4.60870532981351
R_7PL_ROI,21130.7825334659,3852.99358714231,-1.31396622811379,4.19072999469903
R_7PC_ROI,17829.1216049538,3139.16263149079,-1.4572906260901,4.43554975149174
R_LIPv_ROI,16976.8847022055,2658.62628804229,-1.49169620271449,4.73764321741908
R_VIP_ROI,19524.6775059445,3649.16460012933,-1.5017406773874,4.53523212607306
R_MIP_ROI,18588.268446565,3091.27455526785,-1.10791419147824,3.68914719794054
R_1_ROI,18626.5984380999,3151.40534697556,-1.72741160959232,5.15675370612309
R_2_ROI,17930.0572946651,3021.40223642674,-1.46854389897528,4.59162466032329
R_3a_ROI,17241.4924507654,3043.58498414464,-1.43569372626298,4.32534321480266
R_6d_ROI,17288.0249853929,2177.79217632313,-2.13524494571437,6.84186554331795
R_6mp_ROI,17552.8669297494,2379.73854685802,-1.90424576000661,6.20299526767227
R_6v_ROI,16665.9858367001,2281.21989361282,-2.05793327646871,6.39852061507977
R_p24pr_ROI,16418.6385278464,2584.80179580374,-1.80187037011944,5.61440443605669
R_33pr_ROI,16324.9993193737,2079.37185032019,-1.67622319844153,5.56646238202323
R_a24pr_ROI,15948.8577759209,2476.80440681176,-2.13086874646157,6.50491718832619
R_p32pr_ROI,15431.8794110621,2064.943284396,-2.06775835524025,6.67116420027639
R_a24_ROI,15047.2285876584,2032.49084595991,-2.34524623764269,7.4753556631042
R_d32_ROI,15999.7580388902,1965.59727897332,-2.22724331688644,7.40312275761898
R_8BM_ROI,17366.1293887998,2491.19739750797,-2.00259916881521,6.36543787724181
R_p32_ROI,15738.1736050456,1952.94546522116,-1.9281520678649,6.4293957949485
R_10r_ROI,16039.7962592508,2026.72121828107,-2.07818932390369,6.84021808703048
R_47m_ROI,17243.1745961851,2090.05200185631,-2.04310837572353,6.53041654736587
R_8Av_ROI,16878.6637102551,2293.05215855572,-2.00424028265952,6.38048157545845
R_8Ad_ROI,16862.9515685252,2145.7377539298,-1.76840851843575,5.87606615544679
R_9m_ROI,14636.3168271778,1980.53970392162,-2.19584924564756,7.08748094811965
R_8BL_ROI,16366.1822017985,2458.04493807786,-1.9347046996419,6.05138324268153
R_9p_ROI,15452.7202480941,2198.43586699949,-1.81163436072538,5.81877477119053
R_10d_ROI,13590.3126632755,1812.07163270175,-1.89742523817489,6.10440060984945
R_8C_ROI,16591.9447018639,2061.89065991354,-1.61015337708028,5.30101303143082
R_44_ROI,16320.2280819789,1982.33756412297,-2.30347660588714,7.50628671297832
R_45_ROI,16715.7014581896,2080.85787698268,-2.27439603736395,7.38806438858141
R_47l_ROI,17397.0443948179,2659.46762550205,-1.94332460885304,5.88877881402223
R_a47r_ROI,15329.6386341063,1826.67101857082,-1.98580925476776,6.29333013283002
R_6r_ROI,16746.9450102527,1984.3254087836,-1.83733318498512,6.18256080295535
R_IFJa_ROI,16446.5786686251,1672.95415863831,-1.69880204982383,5.73332838722279
R_IFJp_ROI,15011.0572822108,1904.24533493147,-1.52650934111919,4.95596715067469
R_IFSp_ROI,17019.3849989804,2061.94034084012,-1.66327079063536,5.19862052630584
R_IFSa_ROI,17222.5722204758,2471.05386876588,-1.72483755929443,5.27540602511098
R_p9-46v_ROI,17116.2425720313,2257.04343631282,-1.84899637316592,5.77721305259788
R_46_ROI,16256.8868149709,1992.13742276515,-1.78320824704545,5.75571669749387
R_a9-46v_ROI,14966.7980766198,1914.7792032302,-2.07838588963174,6.56755475807475
R_9-46d_ROI,15226.2533777888,1981.507870208,-1.76221463520685,5.61601396945196
R_9a_ROI,14008.4713376098,2123.22258500115,-1.90526849803605,5.93440419247309
R_10v_ROI,15514.9204650746,2067.89409996868,-1.98936325422646,6.29560855156576
R_a10p_ROI,14178.9888545517,1508.94361784002,-2.12168416761541,7.04651020088229
R_10pp_ROI,14296.4926494176,1866.97187014594,-1.8107481149503,5.65676582715028
R_11l_ROI,16167.0611181474,1834.72208309024,-1.91715242405955,6.17252347434404
R_13l_ROI,17276.4208196846,1943.93518788223,-1.93986028447962,6.3858159461689
R_OFC_ROI,16844.0398421626,2834.9102827936,-1.69120792162305,4.99985992944142
R_47s_ROI,16277.5229089377,1868.26671674245,-2.11407183747483,6.75329900246988
R_LIPd_ROI,15291.0916303153,2017.95344681035,-1.28786829850543,4.21913035640385
R_6a_ROI,16421.6014562174,1835.04095002284,-2.17157924114471,7.43280203937454
R_i6-8_ROI,16940.3894817764,2209.78179368051,-1.93223104533541,6.30548726908454
R_s6-8_ROI,16656.4128197482,2139.45328295659,-2.14439449789022,7.06020077082691
R_43_ROI,17720.454439744,2746.70269002985,-1.75604719245272,5.35495322185083
R_OP4_ROI,18282.9507620441,2913.01824073809,-1.65026421710929,4.93834424135515
R_OP1_ROI,16354.744858527,2744.60978368796,-1.98362240395067,5.91374286818869
R_OP2-3_ROI,16455.9053843852,2574.73908810331,-1.69729316842665,5.19164196785734
R_52_ROI,15085.7242833231,2661.0708788555,-1.58338511940751,4.71863595473689
R_RI_ROI,16053.5257800788,2622.52224320405,-1.75487873380955,5.43242937312879
R_PFcm_ROI,16528.5145681631,2415.32089610762,-2.03084558376502,6.49109727136925
R_PoI2_ROI,15468.9315144325,2072.38089257382,-1.84235425619332,5.55430680322645
R_TA2_ROI,17441.6049930681,2916.89934914749,-1.48552488745505,4.42703558833586
R_FOP4_ROI,15737.4617744918,1867.57892222732,-1.83290158058789,5.99707667340252
R_MI_ROI,15264.851453624,1645.19982563127,-2.06819120734887,6.67109511918162
R_Pir_ROI,13937.6613316814,1104.72151154515,-1.79613006656835,5.72583615747051
R_AVI_ROI,16152.6026597376,1678.20037855238,-2.19745310252434,7.16752084767631
R_AAIC_ROI,15443.1506792318,1364.91642039401,-2.25155837251424,7.29372872120327
R_FOP1_ROI,16741.3755095576,2279.7042143436,-1.74335418073275,5.4538773729515
R_FOP3_ROI,14864.130487662,1793.23690765728,-1.57464796598193,5.39922470029145
R_FOP2_ROI,15956.8704346757,2275.05896679598,-1.77683040168025,5.73176509308675
R_PFt_ROI,18738.1585302049,2440.5146716898,-1.75051502531431,5.70548243100815
R_AIP_ROI,15877.2908009916,2134.70976048488,-1.73234623142185,5.71817164121681
R_EC_ROI,14329.4050866764,1655.27743302273,-1.32014629383736,3.83442703679386
R_PreS_ROI,12038.1031870025,2575.35606240332,-0.806205517368001,2.42941048391201
R_H_ROI,17059.9248388518,2555.31122830599,-1.38355498787165,4.50425474583641
R_ProS_ROI,16623.0513187344,2669.36885099628,-1.38851681034156,4.23172751792633
R_PeEc_ROI,16760.9840169659,1897.85518966869,-1.90692974788838,6.01022112207028
R_STGa_ROI,16791.385593208,2128.80515415575,-1.53632531171527,4.75336619608557
R_PBelt_ROI,19527.5464951692,3358.71747392505,-1.42077393382909,4.29271185616712
R_A5_ROI,17889.538750077,2310.95231893506,-1.691355242759,5.36836757320009
R_PHA1_ROI,16258.9104680546,2220.56200587281,-1.40073424522356,4.32899963404987
R_PHA3_ROI,18050.5457416913,2834.75858871506,-1.34571288313761,4.3433432056356
R_STSda_ROI,18460.0633026744,2293.19407692324,-1.44841323941299,4.88559491923663
R_STSdp_ROI,18128.9878403007,2188.92395909074,-1.57607333425451,5.49814810331153
R_STSvp_ROI,18001.7696906083,2435.53359721122,-1.43742460066602,4.53177086329016
R_TGd_ROI,16485.3533252062,1584.82364644968,-1.29596006871293,4.62811042619083
R_TE1a_ROI,18838.8444948845,2119.64929804136,-1.36451459122494,4.56833397023649
R_TE1p_ROI,19344.2127164341,2404.33580846875,-1.1933584889142,4.04703074469384
R_TE2a_ROI,19029.138929876,2174.56855334472,-1.25925037272241,4.31495399296319
R_TF_ROI,18180.0330643254,2519.73614748505,-1.48010288181836,4.87542840606537
R_TE2p_ROI,18423.2286237625,2601.6808205508,-1.16784930599903,3.95755451611742
R_PHT_ROI,19295.7282704218,2668.18383507637,-1.29882749440381,4.32488462825037
R_PH_ROI,20295.2067680119,3177.18648457747,-1.02980033864359,3.53334740217438
R_TPOJ1_ROI,17704.361374202,2171.2097192094,-1.51615129008418,5.20601353349734
R_TPOJ2_ROI,19226.154004374,2675.22421735475,-1.43086443265057,4.64695694804348
R_TPOJ3_ROI,17370.2171673239,2151.55857836919,-1.24561578892902,4.3904065168037
R_DVT_ROI,17501.2131100994,2550.39578249197,-1.31514481114888,4.45408415079404
R_PGp_ROI,20067.0711041694,3369.63006993733,-1.26011221701167,4.05868860050065
R_IP2_ROI,16203.898421306,2134.91527567992,-1.65057138853654,5.33941340139384
R_IP1_ROI,19903.7583958148,3140.10334239596,-1.15504353490157,3.80625380477207
R_IP0_ROI,19954.7960698172,2986.72687968892,-1.0795375361567,3.92786447426921
R_PFop_ROI,19061.5760372971,2754.24374554941,-1.79243008080038,5.65234129855312
R_PF_ROI,18189.3854739379,2547.67229086915,-1.9892782627326,6.40343390493288
R_PFm_ROI,17662.5480627353,2276.19946164541,-1.77634641461292,5.6295968464269
R_PGi_ROI,17650.9193836577,2465.68269267761,-1.28069536629062,4.27439133122119
R_PGs_ROI,20470.6958634802,2887.66986453373,-1.17740095201868,3.95129165386075
R_V6A_ROI,20367.965869802,3943.95405352114,-1.31585176272626,4.1207253616662
R_VMV1_ROI,19057.7461227909,3408.91858133972,-1.09849690156924,3.6482983893191
R_VMV3_ROI,20415.0734313856,3551.02820687122,-0.838691255125577,3.1637006608341
R_PHA2_ROI,16256.2740454946,2580.50171574906,-1.60610610652373,5.05958203925049
R_V4t_ROI,21554.0641415643,3309.97547291324,-1.10690937741228,3.8359827784426
R_FST_ROI,19766.0946755462,2869.80336978949,-1.1578016425732,4.14732872886914
R_V3CD_ROI,19967.1986301743,3860.87679652425,-1.13447825462966,3.77422596920465
R_LO3_ROI,20834.2490870721,3059.51839316259,-1.25681508280609,4.12771247923516
R_VMV2_ROI,19204.2591796827,2789.31444944464,-0.895696738600424,3.48748058619145
R_31pd_ROI,17925.2368130179,1877.82160667608,-1.56487866627751,5.32322826916657
R_31a_ROI,18716.5543834351,2751.52483041788,-1.44680570141363,4.48653643802343
R_VVC_ROI,19728.2134372363,3177.95159232937,-0.863760147777464,3.07779559278096
R_25_ROI,15809.1689958308,1985.74999171657,-1.76747062933971,5.69333965368245
R_s32_ROI,17214.6323514599,1995.09637694672,-1.62552622208282,5.53963911136017
R_pOFC_ROI,16019.841457698,1962.35111522319,-1.38477223363887,4.39090262034695
R_PoI1_ROI,15550.2735922782,2488.9503749532,-1.37935037115621,4.27870272722782
R_Ig_ROI,15938.260294984,2158.68688675094,-1.8794237803294,5.89816417413902
R_FOP5_ROI,16265.4137816375,1763.45871150617,-1.97071625182724,6.46948536147199
R_p10p_ROI,13587.2890085376,1676.55725517769,-1.93886756328907,6.17727301519409
R_p47r_ROI,16535.6415371357,2013.66119215445,-2.02065992642883,6.28337192730004
R_TGv_ROI,17789.0888275934,2115.14033603741,-1.67731474530379,5.55287862387539
R_MBelt_ROI,16968.3420450581,3040.99781884185,-1.65822667195803,5.06572659139203
R_LBelt_ROI,18911.4234085121,3722.62114536183,-1.50546591996348,4.5037818561568
R_A4_ROI,19356.9712638333,2476.82260967474,-1.71460416777971,5.42127271606874
R_STSva_ROI,18317.3083301657,2314.98815487258,-1.38276322279861,4.5596003287547
R_TE1m_ROI,19680.1768432196,2014.67386385217,-1.24588884828338,4.27541213289531
R_PI_ROI,15697.3053946913,3036.40180044232,-1.36861918661555,4.01156274773608
R_a32pr_ROI,16588.7487653451,2017.22450991862,-2.12067013454365,6.99260139901315
R_p24_ROI,15745.0736402039,2171.01785686883,-2.21862531500828,7.04033256395685
