region_names,intensity_at_surface_ 1,intensity_at_surface_ 2,intensity_at_surface_ 3,intensity_at_surface_ 4,intensity_at_surface_ 5,intensity_at_surface_ 6,intensity_at_surface_ 7,intensity_at_surface_ 8,intensity_at_surface_ 9,intensity_at_surface_10,intensity_at_surface_11,intensity_at_surface_12,intensity_at_surface_13,intensity_at_surface_14,intensity_at_surface_15,intensity_at_surface_16
17Networks_LH_VisCent_ExStr_1,0.357045352720053,0.283081420795314,0.295641794138808,0.322584164656936,0.365947259598576,0.423966024850044,0.486281057198889,0.582637960595006,0.738460468976548,0.901922356780606,1.00902444967894,1.01246109988886,0.952311656734096,0.896390214936374,0.85312840239154,0.79742987096193
17Networks_LH_VisCent_ExStr_2,-0.359014196296136,-0.344078198841915,-0.319024166955163,-0.236301630588112,-0.211446313763341,-0.248493656849578,-0.358517069685529,-0.536188043694804,-0.6878320962201,-0.745282915028288,-0.684127924022198,-0.589015180799518,-0.601110647639772,-0.694025084301167,-0.640967295049819,-0.574361313577603
17Networks_LH_VisCent_ExStr_3,-0.52364303123571,-0.408238676321765,-0.110627376885924,0.256026390053588,0.501798527119526,0.60695173279991,0.498039375493689,0.176053286726323,-0.170107057404389,-0.330659196887738,-0.222085404840031,0.0330385897497621,0.099966713930425,-0.137384902756975,-0.279902762060431,-0.387869434132109
17Networks_LH_VisCent_ExStr_4,-0.44068434523514,-0.57637144333248,-0.508911443512446,-0.41435216405364,-0.385432979325464,-0.418138603103042,-0.470970675464584,-0.518639661460565,-0.544078782082417,-0.545770263365029,-0.529126867383486,-0.545398941412549,-0.647343657491031,-0.807095566264363,-0.885419010241925,-0.92881590791113
17Networks_LH_VisCent_ExStr_5,-0.371771250473451,-0.26843288786825,-0.0761150941880894,-0.124527933060287,-0.232104057477821,-0.219889799082942,-0.111963356860238,0.0392124627627257,0.187370919895973,0.265754283249034,0.226785691728593,0.0637480298373746,-0.0569403765241069,-0.0354857615339716,0.0763570707177486,0.146687230636621
17Networks_LH_VisCent_ExStr_6,-0.898789593120794,-0.784091540284873,-0.603079523734598,-0.632031826162385,-0.784838500624503,-0.868660484219789,-0.786115887679427,-0.550545057136836,-0.292062424511003,-0.131798243244194,-0.103350611877711,-0.217070642013572,-0.366328475624791,-0.429546393935397,-0.358779931570137,-0.366285750771402
17Networks_LH_VisPeri_ExStrSup_1,0.51691646215006,0.275637016871358,0.147755653411204,0.0941025638063565,0.0468257451607966,0.0180565473701036,0.0697169628969727,0.196785824037998,0.362494167865165,0.507835484409842,0.565837895676504,0.520014905185384,0.478691666936095,0.524779159767167,0.592841272954903,0.64714566477517
17Networks_LH_VisPeri_ExStrSup_2,0.0341130836108259,0.0263225823658254,0.176185639844724,0.433262493723947,0.614493580838348,0.73495073238403,0.835270859621444,0.977478120699707,1.17046286158713,1.41463476731549,1.56162618662284,1.53896275029887,1.40472345073827,1.2593742745543,1.18629957762986,1.0784345498101
17Networks_LH_VisPeri_ExStrSup_3,-0.0394430636236832,-0.572800862038792,-0.735685382975487,-0.628634386954141,-0.522858074330771,-0.558736861581184,-0.619090071022576,-0.647455556597368,-0.647556856830535,-0.653529733229206,-0.672184035128101,-0.703463125757987,-0.602338214284425,-0.413117635683242,-0.234974555797369,-0.193532218058753
17Networks_LH_VisPeri_ExStrSup_4,-0.629939990830696,-0.544096863107046,-0.23373016658009,0.226333132667112,0.56701067774089,0.713955848487891,0.684708055059896,0.514979217631894,0.315585653811856,0.247636963866403,0.39272850875831,0.627282913431251,0.673121599209411,0.384826566951337,0.0994411616655794,-0.00899778312154407
17Networks_LH_VisPeri_ExStrSup_5,-0.452125692932006,-0.435689173333007,-0.410841179334044,-0.25726871068942,-0.0903021971113138,-0.0412998773880626,-0.0448814406269378,-0.0671565494680757,-0.0514517977736036,-0.0196549639776331,0.0248973742101445,0.057388125624448,-0.0075436915243874,-0.184866494593128,-0.325912587716192,-0.350073965158019
17Networks_LH_VisPeri_ExStrSup_6,-0.638543157132876,-0.614029570458991,-0.482591554592517,-0.239790262344318,-0.0800802290241598,0.00758467537268283,0.0784907656732861,0.141736380652672,0.199843030356695,0.242574461930588,0.258072351848278,0.233962655911648,0.128834537495903,0.0272077896775262,-0.0304788276824119,-0.0672440565080511
17Networks_LH_SomMotA_1,-0.500423800039739,-0.567493320588572,-0.396549328899259,-0.155168257661791,-0.106664557771856,-0.173552910865832,-0.238879131817455,-0.254283026138023,-0.229484955324444,-0.178278015032419,-0.157844362860082,-0.104196034700337,0.00717613435654264,0.0337656217810912,-0.0998780792219066,-0.276964862157762
17Networks_LH_SomMotA_2,-0.657290409020824,-0.391617545557412,0.0126071908700208,0.230243182040229,0.23267248369997,0.245750369838054,0.308959814698163,0.383983458582014,0.368944039926473,0.27898796754253,0.184322145704671,0.129502124850339,0.0874553955413916,0.0792591551226934,0.225105398365924,0.473297293615986
17Networks_LH_SomMotA_3,-0.606406260381121,-0.555574430546126,-0.460968814027164,-0.104966581454247,0.27631034325487,0.522158678185749,0.620889838095018,0.609299966206798,0.517686131653234,0.377378019611099,0.252560341609221,0.148707982436215,0.0353609071301609,-0.149420288361718,-0.346745892598097,-0.415520873770262
17Networks_LH_SomMotA_4,-0.145063466431055,0.204524191689187,0.353332103922525,0.333146754411981,0.453166843381682,0.554555318349641,0.510434576407789,0.3648822176985,0.112795411325134,-0.146793896362677,-0.32810826381833,-0.322463423836787,-0.247778622994023,-0.25948838875454,-0.4582864463544,-0.607132949476377
17Networks_LH_SomMotA_5,-0.868082354334134,-0.742247339147739,-0.54889974500633,-0.229436711184138,-0.00625649294837059,0.126917979102475,0.233624202947661,0.335897278742164,0.356728774761191,0.314761212367724,0.267018263324034,0.262162796128491,0.255984779296584,0.244059938211817,0.283795311894327,0.338538151030502
17Networks_LH_SomMotA_6,-0.0761287804330265,0.179289849934206,0.101758733669546,-0.00280358187203472,0.0652612021258892,0.150729842972207,0.217872051327849,0.216201079832736,0.125756765054583,-0.00998096607576183,-0.105678912120233,-0.0857632073206003,-0.00271290811236856,-0.0172379353051337,-0.176654453375947,-0.30852847195216
17Networks_LH_SomMotA_7,-0.186717199166137,-0.190895182432565,-0.0527858738314843,0.28569147043591,0.526290163011094,0.60071538189663,0.567859408748854,0.507128504652305,0.428202944400108,0.328304015822674,0.246417925821166,0.234466238419888,0.308107363422323,0.354311760309364,0.250033642874748,0.177578992552624
17Networks_LH_SomMotA_8,-0.682984606003612,-0.649903383518487,-0.714195973114045,-0.4702614750459,-0.163784578913823,0.0233125257387626,0.109024659012801,0.0931471087786018,-0.00991821378766208,-0.145492138879939,-0.286970359413201,-0.400794811510845,-0.515193895898634,-0.633706609228757,-0.79086371884585,-0.879049299043791
17Networks_LH_SomMotB_Aud_1,-0.209567429905881,-0.30702244137502,0.10485620043732,0.409004659502732,0.399374353562322,0.307446906654783,0.294336858702648,0.348082346088025,0.422643515718429,0.502588695528693,0.54045481071951,0.512583451631998,0.503624802956652,0.488265042508134,0.468546153078012,0.567892389695519
17Networks_LH_SomMotB_Aud_2,-0.0190617196954549,0.137548886403066,0.353545077351488,0.440671746812184,0.528382963316981,0.63870854892864,0.69795132351103,0.66930651270351,0.554718374319215,0.431398697468969,0.316435332553643,0.186884729010103,0.0471909580757711,-0.0688398891322248,-0.110028070350491,-0.0439265255444314
17Networks_LH_SomMotB_Aud_3,-0.948511130142272,-0.928880730314636,-0.801022996227067,-0.704377469795262,-0.674609341868275,-0.670059724274979,-0.631005678713626,-0.58493452850131,-0.557095832443649,-0.582590624184268,-0.675145097221653,-0.798429334595444,-0.906048969226107,-0.981093276397224,-0.950022834751524,-0.915941558739055
17Networks_LH_SomMotB_Aud_4,0.167809724364796,0.18953599607346,0.478817292367157,0.731143893084213,0.721212216280826,0.631927235115529,0.620565973366912,0.68532753736221,0.740476742457385,0.762004949966948,0.717404945525678,0.682483028836343,0.677269139879775,0.673735870721343,0.707274973867945,0.836873330266186
17Networks_LH_SomMotB_Aud_5,0.532399838172062,0.493117550265927,0.442789993001435,0.234176765797199,0.111841052921235,0.115217575282359,0.17157880054244,0.199174447962181,0.219055211931225,0.213691314943679,0.191468732661718,0.160025445737065,0.118869457489299,0.082432841792376,0.0947435673335052,0.171087513037057
17Networks_LH_SomMotB_Aud_6,-0.258601469253431,-0.0314394049599797,0.42012386868457,0.459920137945116,0.285234508227236,0.147268659199175,0.112382062447364,0.139565396768508,0.127041638689385,0.0590766336265005,-0.0514730721489387,-0.170370725894508,-0.217102660383219,-0.153329398277741,0.0419746800100479,0.317123013324753
17Networks_LH_SomMotB_Aud_7,-0.304779821017872,-0.406453854099804,-0.283735027132711,0.0256243510104528,0.319045012554598,0.489070642265316,0.612221043146021,0.722854890608151,0.7879837714154,0.807011145956654,0.784542391881784,0.726536903749706,0.637460808601942,0.515288087571104,0.412359474272808,0.443866165980848
17Networks_LH_SomMotB_Aud_8,-0.670292221724327,-0.696486879164529,-0.434599668953692,-0.190239541853816,0.0669541356892518,0.228686411853863,0.312237188978695,0.29402755783755,0.212113035636973,0.123648121278553,0.0167734631077355,-0.118479546472223,-0.207447911060011,-0.304732160453677,-0.485966254523462,-0.64456446791574
17Networks_LH_DorsAttnA_TempOcc_1,0.838213419523832,0.732680638177215,0.538127509011074,0.225386470765156,0.0156667771925347,-0.0503350520812041,-0.0161355395063281,0.112916988376523,0.284518411463818,0.378835903007806,0.320390416142478,0.228748084359586,0.265937793859719,0.423013456534307,0.53548554929781,0.587462563225945
17Networks_LH_DorsAttnA_TempOcc_2,0.564196832733564,0.720793295876873,0.767457958899879,0.604757881014945,0.405847996366687,0.324352997417032,0.347896260393285,0.443580472538146,0.585963320545265,0.657391207836951,0.582451795468046,0.519661630842816,0.571193840947699,0.76674690523093,0.843746036491815,0.75656484535744
17Networks_LH_DorsAttnA_TempOcc_3,0.726436347522828,0.779242437470935,0.540510856504554,0.20441654150463,0.0448040664317894,0.0223750529404913,0.0551416794471395,0.118913256141777,0.158636926408932,0.151179823514089,0.0270685617539074,-0.0765657001762522,-0.0358886034624344,0.131207376245516,0.176088391864095,0.0647575568131214
17Networks_LH_DorsAttnA_SPL_1,0.123878020104435,0.0816868984156454,-0.231564762936136,-0.544426957750825,-0.624919747230227,-0.559019889048372,-0.470825940157565,-0.385940822765225,-0.336310849169624,-0.349249884637709,-0.445775754385977,-0.56085916487821,-0.712107451647126,-0.767519260875818,-0.673342824222448,-0.750124789994481
17Networks_LH_DorsAttnA_SPL_2,0.136986674686132,0.297334636301782,0.385181258672729,0.40741054021062,0.43397573750345,0.520395650909956,0.660510171553194,0.78186932740358,0.85005213904321,0.877371057601877,0.839488685273848,0.737879513835158,0.629422139150893,0.683220131521007,0.840853583542054,0.843436172672526
17Networks_LH_DorsAttnA_SPL_3,-0.370746388255921,-0.340002320682055,-0.370870912186251,-0.434010912585649,-0.430817032370492,-0.340586777006004,-0.229243920534924,-0.174601729280012,-0.174921645055033,-0.212846630806208,-0.257550168070521,-0.303190724377366,-0.329363986259562,-0.289906611050094,-0.157713521601172,-0.0969633246169028
17Networks_LH_DorsAttnB_PostC_1,0.509363234808656,0.576446807690969,0.471117033700346,0.338914593600314,0.29469694288853,0.290273104931074,0.284858699257684,0.281635202355596,0.301130790592494,0.293832861825134,0.312884033854,0.347475648995301,0.390403199062802,0.426533213728145,0.466187495837311,0.505125912638636
17Networks_LH_DorsAttnB_PostC_2,0.176947324190404,0.137013445855325,-0.299397506155043,-0.695623284777347,-0.774892003784867,-0.697274931805654,-0.59714591794714,-0.553716145953987,-0.577076941604668,-0.669113942459681,-0.769723349790042,-0.868334373592024,-0.965680597397047,-0.956622852241008,-0.866840643530837,-0.930090159672702
17Networks_LH_DorsAttnB_PostC_3,-0.195408268126522,-0.158508643113224,-0.277282413617347,-0.40466952734994,-0.417867367831756,-0.36307435224891,-0.287401733874617,-0.231743073710998,-0.237907527758158,-0.261334862178562,-0.297801005880942,-0.326647191605817,-0.355313987802659,-0.338443280410026,-0.269887804166476,-0.293600022115008
17Networks_LH_DorsAttnB_PostC_4,-0.268486366455054,-0.214903080025645,-0.0920827581885071,-0.00216633108509481,0.0198140309962452,0.0180609033430675,0.00220373054831638,0.0123081445471127,0.0178833102456218,0.0216066586199165,0.0176941365610243,0.0325207702509079,0.0525614282092132,0.107133513162364,0.227617316358763,0.327561322438125
17Networks_LH_DorsAttnB_FEF_1,0.744616353720055,0.751416013957845,0.243688712696335,-0.130721598131413,-0.19764924028843,-0.180561103043598,-0.232098021908694,-0.329708143829818,-0.469699163317167,-0.629518432579436,-0.767968963390849,-0.828507339328755,-0.867911510113334,-0.907077569443554,-1.02037373417173,-1.21086652404233
17Networks_LH_SalVentAttnA_ParOper_1,0.0160930883681578,0.227285448074199,0.584010860660871,0.616799172285696,0.460284247495769,0.366328603114284,0.341612410307128,0.367739971799445,0.389480758231192,0.385752526939527,0.418410463803331,0.385915613534757,0.406388684303726,0.498316328065329,0.704429116564553,0.994569693608532
17Networks_LH_SalVentAttnA_Ins_1,-0.104569602598607,-0.545611924904227,-0.782165373206517,-0.820220477270028,-0.758006519374151,-0.819049768277235,-0.990646010668518,-1.12984363747591,-1.15964519465764,-1.09834886653387,-0.997890889052945,-0.873111544782138,-0.762018546381435,-0.708783482068553,-0.745272251836781,-0.813730356145825
17Networks_LH_SalVentAttnA_Ins_2,-0.741965321689106,-0.886085238485187,-0.782283257319581,-0.626963703658732,-0.656556819141176,-0.867298466155091,-1.0886294059446,-1.20412399904913,-1.18451932211306,-1.05736960999796,-0.927215142630871,-0.826578171035846,-0.804121676047855,-0.893904146816684,-1.03267017359198,-1.02649371789056
17Networks_LH_SalVentAttnA_Ins_3,0.140914964492064,0.33679489606665,0.513576207442025,0.596277960923592,0.577072259823722,0.463550121958157,0.373773866345371,0.349315070929555,0.39210154256796,0.455555348296772,0.47447757614453,0.468933531510176,0.460416929079965,0.457172012585345,0.386177756636964,0.392949162041755
17Networks_LH_SalVentAttnA_ParMed_1,-0.129134189608931,-0.155855401337103,-0.279325520105184,-0.365249024951882,-0.450109053922998,-0.523876425194603,-0.589372022693062,-0.643116010875135,-0.68030882452459,-0.666330467725761,-0.603827885558729,-0.490352620547134,-0.418869985540482,-0.409723872664737,-0.442800591212074,-0.559767489514293
17Networks_LH_SalVentAttnA_FrMed_1,-0.575183885677382,-0.651266547212828,-0.350057606446108,-0.139441796321302,-0.2109023367509,-0.339511097882454,-0.409736479566585,-0.412136151735357,-0.345452222654777,-0.280316793588501,-0.272975635384791,-0.289621963652081,-0.308615401781667,-0.371070652708895,-0.491366979171867,-0.53359381993816
17Networks_LH_SalVentAttnA_FrMed_2,-0.175137474507458,-0.0864666459170393,0.152213276021202,0.359980149618509,0.442356023731511,0.452393275796883,0.447885918099777,0.455762603377502,0.438462639259564,0.344760545366801,0.232666224668423,0.207129227994832,0.293578268399681,0.322952079043277,0.153378570305805,0.0551767594746227
17Networks_LH_SalVentAttnB_IPL_1,0.20175057498337,0.327552111047907,0.362711521019635,0.25444646134518,0.0946746391037155,-0.00594934457100295,-0.0183555670160268,0.0191267952338894,0.0701892233392279,0.136396933222651,0.20571532724976,0.25026138389416,0.296568465279514,0.391156523308918,0.555388202595185,0.748619777825345
17Networks_LH_SalVentAttnB_PFCl_1,-0.0543224015150516,-0.0369862470594998,-0.112253580967018,-0.105585172300098,-0.0134128867870617,0.103959578615503,0.204155962182692,0.288097028082785,0.343058672005251,0.36764770155846,0.360318991998428,0.309365440962918,0.234701451500362,0.181887956947237,0.212015156580731,0.214306125851785
17Networks_LH_SalVentAttnB_PFCv_1,-0.204322386448937,-0.227343253647465,-0.148479823837989,-0.138105519362858,-0.141535716126689,-0.18879897134178,-0.224190740317123,-0.282636272524833,-0.342345302170511,-0.366702956776608,-0.370406093103636,-0.41681673298634,-0.465900736220615,-0.447738778513891,-0.439738627516776,-0.460484256554891
17Networks_LH_SalVentAttnB_PFCmp_1,-0.0822948399562178,-0.228732922752263,-0.145509799804822,0.0672746026177191,0.102583098620001,-0.00313914401420572,-0.113846712020426,-0.183557320765883,-0.18801366033051,-0.12845654405846,-0.0715952869618661,-0.0670406391393897,-0.0898948937452944,-0.128950558204999,-0.200016301909296,-0.192927590759532
17Networks_LH_Limbic_OFC_1,0.306219055438587,0.279595740483677,0.126726320845876,0.194604981639248,0.350470662160001,0.465915955142395,0.474475837731229,0.381261502692144,0.266507264388386,0.186789329174765,0.137332904551011,0.100891031331937,0.118825313857018,0.237181241842183,0.345813236247776,0.335515252609085
17Networks_LH_Limbic_OFC_2,0.0941811607730697,0.0530678376677373,0.0834993478859244,0.198656392320737,0.282027814358935,0.307812084562967,0.282892636713465,0.233824817462778,0.196494353149888,0.222455943101412,0.344030281451847,0.483376108968081,0.528693880110844,0.529733268140622,0.613486422116958,0.668684652787585
17Networks_LH_Limbic_TempPole_1,1.52618721031859,1.5465782467892,1.24900817222072,0.905588534314121,0.698996134886075,0.546425528794534,0.383748798408461,0.227989129628839,0.090942138629609,-0.0120336663560468,-0.0691065721861528,0.0296943840566048,0.343969643245092,0.696125965381513,0.822117312624331,0.809670405104631
17Networks_LH_Limbic_TempPole_2,0.81459934187842,0.9521806605102,0.79730754182179,0.400913573849391,0.0826692288779485,-0.0698675844002961,-0.121109729194912,-0.0633364429274655,0.0226686459390912,0.109798421508393,0.122319939456599,0.128441722105994,0.275495691164313,0.533664026448308,0.733753314171316,0.77553374720698
17Networks_LH_Limbic_TempPole_3,1.26431693255341,1.08722889025577,0.675735535056575,0.382720978370452,0.265733272480708,0.0711823845277308,-0.111047539576941,-0.25997087559274,-0.342599892085836,-0.387909139230601,-0.394399631268796,-0.258080760083245,0.0967539223916505,0.488603921333358,0.584606703149387,0.532150057245289
17Networks_LH_Limbic_TempPole_4,-0.287690750620129,-0.535089629430886,-0.356715968322972,-0.169109739098313,-0.274646969210647,-0.509211563710524,-0.718857070416176,-0.793801689017646,-0.723652897086731,-0.556557904216943,-0.313298660155084,0.00612456497321596,0.244691768779571,0.286278448629732,0.0735041337881783,-0.0485561600956824
17Networks_LH_ContA_Temp_1,0.840050418423835,0.94519715599399,0.96911309849242,0.718889077605031,0.467283043261235,0.393521214864009,0.491906902614467,0.664966234121623,0.833396979000097,0.91430679961713,0.805098263354484,0.708882606211446,0.831663661188554,1.07860806319017,1.14266279226911,1.13050284258676
17Networks_LH_ContA_IPS_1,0.209604170611691,0.344225975012547,0.190668612443359,-0.0397218496404812,-0.1079256936734,-0.0734632931347401,-0.0121624773615924,0.0598617812484978,0.115503686385234,0.113301236276241,0.055292655275177,-0.01168170757012,-0.0237066674499891,0.0514050386454968,0.100071481534865,0.101382588341337
17Networks_LH_ContA_IPS_2,0.228423193592022,0.00988243499712251,-0.220650668650161,-0.398229998363448,-0.485844395101779,-0.574703506716227,-0.611609042793492,-0.606186015796383,-0.574504665696384,-0.572241047712795,-0.595119208773869,-0.646333966942121,-0.654980194819927,-0.561845874319294,-0.445690577073611,-0.395851173883364
17Networks_LH_ContA_IPS_3,-0.125252579479516,-0.452591285133235,-0.900126705208732,-1.14465043193299,-1.15628106085966,-1.13227824982234,-1.08848974746332,-1.07514856704505,-1.10968276872798,-1.17066918094374,-1.22215321167137,-1.27969326403712,-1.32386099733125,-1.31016640465196,-1.1974891430263,-1.16147978373632
17Networks_LH_ContA_PFCd_1,0.467925855303607,0.555797161744008,0.308405136192931,0.040995824700974,-0.0409465804201233,-0.0760803694238697,-0.0970819407733945,-0.108968478920117,-0.124454561639988,-0.186713464264924,-0.261237338817514,-0.314780257108699,-0.325059810841391,-0.36709761162797,-0.447285174586827,-0.45606773511411
17Networks_LH_ContA_PFCl_1,0.102217136627655,0.237956277911401,0.337805753377547,0.347001460754607,0.434443807382273,0.596967252648989,0.747593534192918,0.830436078767453,0.825862874402174,0.758555225206011,0.676730057027144,0.594387941746511,0.550897746213867,0.601081199357942,0.723956578076823,0.721888841142911
17Networks_LH_ContA_PFCl_2,0.210146362482557,0.280855981779266,0.265393237403022,0.204665603025087,0.243493086132239,0.345630916520732,0.464614795780446,0.556460864283962,0.617394443800747,0.589686302921585,0.488789565378244,0.372127341771704,0.313570675397317,0.308281455938482,0.33705390368675,0.30598448594442
17Networks_LH_ContA_PFCl_3,0.252231468742829,0.186594729569463,0.206661171115895,0.207871547452155,0.154477714259755,0.103575552723578,0.100875743950414,0.158069580496896,0.223800589725073,0.257114861872706,0.227116225240626,0.20123048528505,0.177793046589353,0.13350671422802,0.0480095478254546,0.0133545738029425
17Networks_LH_ContA_PFCl_4,0.161570329610191,0.246464743288405,0.00660896441454402,-0.296597696271019,-0.413962630073484,-0.43408064960618,-0.422146922386461,-0.422743357612341,-0.436147264989627,-0.485703695827941,-0.553373718764451,-0.594428475936494,-0.610418334044754,-0.624892332189976,-0.64825225782957,-0.671959508915027
17Networks_LH_ContA_Cinga_1,0.126942168467541,-0.232355727810497,-0.331830740268327,-0.0812855004858094,0.130454796667564,0.103783827071605,-0.0972261106882417,-0.336052457973489,-0.451888531043925,-0.39203637160335,-0.237042361517498,-0.162540261605981,-0.229735056942119,-0.279536639616087,-0.251775630644056,-0.329633331361799
17Networks_LH_ContB_Temp_1,0.886095846616456,0.837238207324321,0.721208985782601,0.505567269335028,0.279700767385251,0.146759147064848,0.129461551090446,0.169359791108642,0.260401302944546,0.331337690529293,0.348883853304133,0.321857595989956,0.373862205446322,0.531690745219033,0.635584562636416,0.696964438909256
17Networks_LH_ContB_IPL_1,-0.287961907381847,-0.111769585000734,-0.019562241451334,-0.151142660665133,-0.265039921596784,-0.267022809338148,-0.232209015378213,-0.177527400842808,-0.0980104428853472,-0.0507755918371438,-0.0553617223475994,-0.172511170727131,-0.21042439238441,-0.0855733106659016,0.0337608262073879,0.103948953506981
17Networks_LH_ContB_PFCl_1,-0.606283165491113,-0.512245398576443,-0.167615684030214,0.207995267344293,0.300748927629352,0.283785563004696,0.284768205760081,0.306724282316693,0.374753418834145,0.441354216105765,0.43602747160352,0.372092695384343,0.32421269495173,0.287509092675761,0.270776367955261,0.369497720958084
17Networks_LH_ContB_PFClv_1,-0.0769589330796415,0.0512407559829211,0.0374664033974706,0.0447382585870093,0.180684127333772,0.373041999031146,0.514862717645982,0.544183135607815,0.487780842814831,0.405061307290182,0.339651696243761,0.257893613565957,0.178948724196347,0.197953835729356,0.318532870799017,0.323403784864841
17Networks_LH_ContB_PFClv_2,-0.0396059361883586,-0.161345789844583,-0.467238802123293,-0.61991327583093,-0.538405888493395,-0.376885501144789,-0.223877547462726,-0.137152099889562,-0.122843811237519,-0.146115908638703,-0.210850125405028,-0.308515007569458,-0.425126703971176,-0.516194254782919,-0.5275805973086,-0.605605180008804
17Networks_LH_ContC_pCun_1,-0.173140889648995,-0.0242867949680572,0.0861687003731582,0.121535778969992,0.163767197521731,0.211746471613878,0.278072890517705,0.387313198711007,0.444318213805327,0.475043127017455,0.568792047837165,0.625759084468421,0.527185025752218,0.432973917671116,0.436138866544211,0.479252900801059
17Networks_LH_ContC_pCun_2,0.157030200301315,0.241302624476931,0.405313274965248,0.554546797084957,0.59155619962231,0.585091729347034,0.502209561201586,0.468851545763113,0.476743726690258,0.531619916164606,0.631692247190641,0.742653899528186,0.774141819872816,0.795997029292256,0.861861703500005,1.01089604123389
17Networks_LH_ContC_Cingp_1,0.507031582669076,0.327542379500314,0.26075353176859,0.374921160160058,0.486125557756877,0.536592400450258,0.500895231016622,0.355879730386086,0.14283381766419,-0.052251119779578,-0.0795810666074167,-0.00826145202063672,0.0601567473076715,0.0396319828965133,-0.00500962415941347,-0.108818770425398
17Networks_LH_DefaultA_IPL_1,0.314395850837193,0.429003966171997,0.355644841261045,0.194607199145696,0.0595714213299802,0.0132345377965337,0.0198425986058624,0.055994916395804,0.130778531395165,0.192545723563119,0.197396653823015,0.136436407932216,0.11981123174374,0.211848679157672,0.295828571206233,0.386549190311811
17Networks_LH_DefaultA_PFCd_1,0.136446180931827,0.247845320521144,0.228266857388068,0.125566936650493,0.0934697805824271,0.110190766130155,0.145000554253067,0.212566548568951,0.293443608143526,0.348990607625667,0.369944668905705,0.366527860372633,0.303769635509893,0.206524236259855,0.140435334680368,0.148576768081558
17Networks_LH_DefaultA_PCC_1,0.414977295617085,0.416244292429285,0.118224711320793,-0.177000792714542,-0.283523381519588,-0.26770022094258,-0.268110932419326,-0.335350066917432,-0.425097849881106,-0.485193436041155,-0.471625925707333,-0.401555437330631,-0.362286975116071,-0.327960822916674,-0.302200092392165,-0.296526464719536
17Networks_LH_DefaultA_PCC_2,-0.0799927617158113,4.64032259371651e-05,0.0141545860314986,0.0737629830262086,0.0723598958769297,-0.0184134745049556,-0.164254858899936,-0.317851151030687,-0.428650182049692,-0.473472518332244,-0.403464720593115,-0.281832892314985,-0.189658423184814,-0.0963554466433319,0.0335946901767632,0.0719026459261749
17Networks_LH_DefaultA_PCC_3,0.255488412147439,0.25822788158261,0.12921777076032,-0.0490246387392166,-0.131807425824009,-0.114629651751725,-0.114992521872827,-0.118697502613471,-0.124415890497379,-0.104213577132553,-0.0497412636777368,0.0214114786826366,0.0298424043300496,0.0174832260655325,0.0543197501006288,0.0985297774026277
17Networks_LH_DefaultA_PFCm_1,0.153096013043592,0.353637136693258,0.575230900036967,0.564726483693228,0.413563124697044,0.286221520032206,0.206085174697518,0.13724938378177,0.0539963113425833,0.0711118412335053,0.304172768075986,0.588124873858881,0.608334987656691,0.485872444235813,0.543705670901608,0.558174936255909
17Networks_LH_DefaultA_PFCm_2,-0.464532710942891,-0.471159322090602,-0.616929569567969,-0.677999039569012,-0.619545463524643,-0.526363726699357,-0.43409525763559,-0.371674370055213,-0.327634347824578,-0.281566247997724,-0.22024823172615,-0.194231430642969,-0.279014250915972,-0.429447942944368,-0.474307673509652,-0.495804839304949
17Networks_LH_DefaultA_PFCm_3,-0.209685264715059,-0.217884052150071,-0.173184990048039,-0.131420676848651,-0.177023690942943,-0.280689390181868,-0.389579108488971,-0.448175447236208,-0.429530742432546,-0.350940449144399,-0.249002776405457,-0.230141632509682,-0.299524032753432,-0.385330253003733,-0.47048296773272,-0.472561037723849
17Networks_LH_DefaultB_Temp_1,0.978734106531264,1.19641047311266,1.12062955792536,0.725593173417308,0.424145715739546,0.280109250310341,0.2518106746999,0.269950903132491,0.334003230544119,0.430060959583244,0.47830267412545,0.518369764480344,0.676234439997053,0.901370133374557,0.957946449052635,0.916972085528328
17Networks_LH_DefaultB_Temp_2,0.998004463350948,1.08829660523501,0.988723020424711,0.738573314079812,0.555662537333603,0.444801326137445,0.422751367905635,0.486148692319039,0.58315189409141,0.675869124201497,0.658790217073273,0.590694196924587,0.683945546156787,0.856625456372693,0.920255257453955,0.931771055821433
17Networks_LH_DefaultB_Temp_3,1.0738873830407,1.33986811677241,1.33334367120429,1.01317096629415,0.766135058085842,0.735181990451686,0.807563343323847,0.891510228718904,0.930241570198425,0.964486677029165,0.977186139227548,0.972385407329153,1.02348045238586,1.14674678135389,1.21683543911422,1.19381559213869
17Networks_LH_DefaultB_Temp_4,0.567735141132715,0.739370764482154,0.59320674189738,0.30654962370469,0.159070213695517,0.137975637092885,0.210675076139249,0.308778154770581,0.367505001248879,0.415713767948168,0.405086448617064,0.336142551823286,0.321780346693323,0.398976666681485,0.481160216830395,0.488225983059842
17Networks_LH_DefaultB_IPL_1,0.335464275521569,0.359259560626977,0.331811359265822,0.145363297622703,-0.0314105987293263,-0.126538574674594,-0.0840757001827804,0.00710330601444187,0.103969255270567,0.144642606830267,0.128496810855078,0.0630070135899161,0.0746143616301067,0.217148667452899,0.342703669431338,0.513729173048309
17Networks_LH_DefaultB_PFCd_1,-0.730769551782148,-0.714072855363028,-0.667886059717772,-0.644496461251356,-0.665492119629555,-0.660957519280093,-0.605298900219457,-0.517822066727068,-0.419976089141141,-0.335846650888514,-0.269677767463652,-0.25967161600977,-0.345294102998275,-0.499512514981847,-0.575736684921864,-0.597491741260974
17Networks_LH_DefaultB_PFCd_2,-0.807588214737493,-0.668933982622269,-0.342887191827036,-0.190119898153869,-0.217182347086617,-0.212566856300112,-0.15747586881811,-0.0631080340650146,0.0557332478881695,0.157066427842729,0.210502068984802,0.201364323534361,0.107914795364792,-0.0434324283450514,-0.0368451552649047,0.0410189979731431
17Networks_LH_DefaultB_PFCd_3,-0.292083766210338,-0.235753460585635,0.195740958114008,0.569562262212084,0.610068245949667,0.526832552241355,0.464781954145329,0.472734595515491,0.520681728304994,0.582325953759983,0.597417383896668,0.617939566351748,0.608267417498513,0.560032941943389,0.472137163898978,0.502459139193338
17Networks_LH_DefaultB_PFCd_4,-0.3747733438483,-0.202605685368201,0.093763979270898,0.358533840783837,0.452128500852878,0.415526371774044,0.351670634887898,0.329078024933641,0.35297614436713,0.33841124507034,0.29557825668453,0.270287231369698,0.259792485857412,0.241300907490947,0.174245408292091,0.200674993881614
17Networks_LH_DefaultB_PFCv_1,0.202468943069824,0.169566543271609,0.177426644808839,0.252004339083453,0.316404368750639,0.329851981735014,0.273586184153932,0.144252223002233,0.0136525877763303,-0.0741559344080602,-0.141347347286282,-0.189034029203251,-0.16186175154985,-0.0257310744489705,0.048149748130524,0.0284310893803353
17Networks_LH_DefaultB_PFCv_2,0.294668668815046,0.401306636383027,0.276443630039729,0.226514373881548,0.39458213284424,0.612854990613566,0.76147273728276,0.784537221923049,0.716435605557366,0.629494401886673,0.577076155141561,0.511789730145643,0.475385911666682,0.587559980893876,0.738534715739437,0.687128373831744
17Networks_LH_DefaultB_PFCv_3,0.29260342577543,0.485854524589241,0.647237281615962,0.724627874223884,0.888546394083633,1.08429674942871,1.15849227209563,1.12319896218021,0.991101447028653,0.849211286732822,0.751143991159352,0.63980345683897,0.626557384194104,0.843161810758561,1.08709561948666,1.02777384755444
17Networks_LH_DefaultB_PFCv_4,0.126479370335134,0.400639153646327,0.564835076852104,0.593622801543793,0.632067769834398,0.692514644887333,0.742652947250953,0.758923234545597,0.725884328066763,0.654110487419654,0.561134138175604,0.439461782492119,0.391309788458511,0.465551098020812,0.556646666935898,0.609649320258467
17Networks_LH_DefaultC_IPL_1,0.312876115687208,0.371807125710769,0.231163921663947,-0.033781537554512,-0.188811487739812,-0.231717914536137,-0.202889969749064,-0.121358461612996,-0.0327032394395254,0.0126797000201908,-0.0149600118070703,-0.103796536865939,-0.150360758061409,-0.0673667033376291,0.0583670240020901,0.137229800773034
17Networks_LH_DefaultC_Rsp_1,0.0632267924130706,-0.0967678570260114,-0.318451152786013,-0.428997187784215,-0.43010687697937,-0.43453106234985,-0.463782372991501,-0.512444536788705,-0.539694534043284,-0.554079981983656,-0.538263674861763,-0.481429600067816,-0.410624003164061,-0.404250134708825,-0.466621839196151,-0.441660844811632
17Networks_LH_DefaultC_PHC_1,0.106734711085436,-0.0965547538453354,-0.251858829624766,-0.412495888573763,-0.509415043427035,-0.558250501484875,-0.573290661972353,-0.589411603768442,-0.617492905494022,-0.661751582505426,-0.648532943434088,-0.563017933463191,-0.45310463775818,-0.31087490264632,-0.234508090307784,-0.213403982821993
17Networks_LH_TempPar_1,0.483651184024645,0.48491197239049,0.359936199563445,0.141876521170393,0.0179320317699087,0.0518810954396477,0.144544924402561,0.220537275386023,0.256489080707542,0.258321356383842,0.210144867168875,0.117111954196358,0.0879198731864317,0.163010611548958,0.259259505026315,0.32332959135023
17Networks_LH_TempPar_2,0.599818681013642,0.657725077683976,0.176393559341511,-0.257290263963007,-0.385687092587645,-0.350842578681315,-0.291059615407377,-0.234545255204785,-0.223002262394548,-0.284086451120373,-0.403592150729043,-0.542721386425121,-0.520264393725469,-0.353461663554723,-0.277597319521202,-0.358240042801311
17Networks_RH_VisCent_ExStr_1,0.385989569216983,0.279966720823612,0.354566045001056,0.437553090399219,0.432747910368674,0.418339852128541,0.50125781713533,0.686474429743189,0.963151586719271,1.23651938433382,1.34950720391666,1.25121086185015,1.12013936179389,1.02697750308547,0.997896086975418,0.975316355028076
17Networks_RH_VisCent_ExStr_2,0.725904106136964,0.905830721508076,0.916054371913623,0.802331299645648,0.77163138842088,0.871334077834605,1.0055777425205,1.11647623004415,1.20714861866443,1.20444524715279,1.08995611148482,0.942294668233689,0.89441420147855,0.981348270335241,1.06246495596269,1.04864427854449
17Networks_RH_VisCent_ExStr_3,-0.215053475725159,-0.107130905435954,0.13380341492742,0.396620251809712,0.594878405327028,0.69912502803744,0.656335247929925,0.457522745008538,0.224144310905946,0.129532974762144,0.232544110558617,0.408508160488718,0.411960562770937,0.17378370657556,0.0215255726677388,-0.113016966097388
17Networks_RH_VisCent_ExStr_4,-0.114310549673836,-0.0945680965753862,0.0363836753292743,0.185527431151616,0.245976608364225,0.243652465624229,0.207970451897966,0.153142280970937,0.121038150178625,0.123642466519095,0.142080007051827,0.0990358112219471,-0.0300138575482556,-0.148411359029891,-0.176339284022189,-0.220502853368396
17Networks_RH_VisCent_ExStr_5,-0.395281644357219,-0.381153610856349,-0.180955022712547,-0.0658165460323425,-0.158829004549293,-0.213362722356708,-0.134807036340719,0.0229398543675518,0.191290232025224,0.323195767063851,0.357080976382287,0.275518533392705,0.150062898797754,0.161714950068038,0.276876254822416,0.314002039996717
17Networks_RH_VisCent_ExStr_6,-0.645749320869678,-0.474354935866674,-0.332592941411077,-0.219051996962014,-0.155767395504651,-0.0798958593346025,0.00844130335105472,0.100112589399691,0.168022400127536,0.190427850979775,0.172218528731318,0.107662991043579,-0.032529619815417,-0.15289054268993,-0.175946003900189,-0.247577506743457
17Networks_RH_VisPeri_ExStrSup_1,-0.170618750377026,-0.177433704359545,-0.101508527571754,0.136462635739161,0.286932926086123,0.350344598747325,0.387459205885602,0.457914899609953,0.614698684435832,0.805892727635481,0.977322341743661,1.0454664654265,1.01325617873714,0.886014124006616,0.698436188144365,0.610542688823302
17Networks_RH_VisPeri_ExStrSup_2,-0.11571988647487,-0.714727180054842,-0.976258828439653,-0.910628306693595,-0.807069852242268,-0.795078048115455,-0.847156942988686,-0.900021979683138,-0.921130875855186,-0.909880172550267,-0.862196299231606,-0.831555774209358,-0.752954724193451,-0.631910213323262,-0.563283406306095,-0.577793335598873
17Networks_RH_VisPeri_ExStrSup_3,-0.309819186352822,-0.185463386216151,0.0634062771879784,0.421806390810061,0.732759713824429,0.921676729819802,0.899517419324211,0.67761398483484,0.41617082228884,0.305219307416827,0.430510613064626,0.685174851125285,0.769545629789446,0.492898556560391,0.24813950388786,0.170333272994937
17Networks_RH_VisPeri_ExStrSup_4,-0.731661310325296,-0.740268971791269,-0.534451462268895,-0.30284589716045,-0.155800113640858,-0.115219725495292,-0.147320752376356,-0.302754910602224,-0.512740090659631,-0.611558962711928,-0.502999298593981,-0.287509119563035,-0.168151539853827,-0.380778316953207,-0.678072076185238,-0.793068404161099
17Networks_RH_VisPeri_ExStrSup_5,-0.476987270704455,-0.449559266763719,-0.392245007511527,-0.257628183003869,-0.117002386851265,-0.0409529477268182,0.00758786520725554,0.0718999034939185,0.134746603954194,0.182357934237587,0.227753921379022,0.256606475095534,0.190159136334479,0.0557701663545657,-0.0749707724974235,-0.169605271849774
17Networks_RH_VisPeri_ExStrSup_6,-0.59076555275701,-0.448372993954218,-0.291572660651618,-0.149021095287659,-0.0327778140173317,0.118872648846915,0.257193413065087,0.349469000577601,0.350640581944745,0.278203484900139,0.230882600781774,0.188500292640189,0.148695865056316,0.132851714416541,0.1926657096115,0.2565285269498
17Networks_RH_SomMotA_1,-0.348075546905634,-0.220656215905768,0.0243933208040265,0.267929647791068,0.409151819110136,0.469762561398188,0.491158185510439,0.481886400558041,0.412026570642642,0.324222606173211,0.249760913756785,0.227685025915162,0.218770769611719,0.203565496936015,0.254763235732815,0.335285926192773
17Networks_RH_SomMotA_2,-0.465482123204369,-0.37696575608873,-0.41500298558556,-0.375853038536838,-0.306564987141866,-0.251109459384458,-0.231966706734092,-0.266940989628471,-0.332049701111627,-0.4229450424832,-0.480371725426156,-0.489209244244686,-0.518276445181185,-0.605657985083468,-0.782455640982148,-0.908115709331321
17Networks_RH_SomMotA_3,0.276758928252949,0.353760239801832,0.456570524476534,0.464408010562645,0.417998586088994,0.402003163550935,0.403084902340287,0.389642644147854,0.347210547667678,0.216858650265337,0.0747792583594905,0.0086254073742196,0.126421679915242,0.216801673593366,0.0737254170543477,-0.0431641147592036
17Networks_RH_SomMotA_4,-0.672342959938432,-0.632539840826965,-0.570738590460784,-0.201204898361204,0.226626228530776,0.435725256334331,0.429085881928998,0.316776856687148,0.157580465415297,-0.00422699101339191,-0.120704098012555,-0.196545001868117,-0.260516145113239,-0.384700501368192,-0.601849473042759,-0.750976288564509
17Networks_RH_SomMotA_5,-0.534226330665346,-0.50072142421036,-0.413253616880331,-0.296349755669463,-0.281326234686782,-0.258506447041931,-0.157530573942218,-0.0266813986251175,0.0622468445247332,0.106659071739828,0.0935408171350506,0.065629432715343,0.00917503750463377,-0.0737853592896684,-0.113955561291842,-0.0921666847905841
17Networks_RH_SomMotA_6,-0.12455860538657,-0.0820895337253,-0.0254159518407281,0.222325517243806,0.534373536519487,0.708328283894707,0.653283519625756,0.463816714840131,0.247547768966996,0.0342824238968569,-0.121759932797447,-0.147106066358735,-0.118909327748291,-0.141180025844817,-0.341018647591904,-0.504716317134031
17Networks_RH_SomMotA_7,-0.6199135891193,-0.481350149124035,-0.286682508726873,0.0208074028732286,0.229359597173284,0.327733517300794,0.388617153932145,0.419205768199274,0.408472306683162,0.340034188907477,0.265941954531739,0.22107474071374,0.197814960623745,0.170349299956999,0.14985201352619,0.187268018715531
17Networks_RH_SomMotA_8,0.117614709534937,0.28669949072213,0.377079109236783,0.368613038285611,0.327367586326464,0.292411337441856,0.267916451830937,0.218060673052515,0.12779168496587,0.00621804525786703,-0.118331858459543,-0.16038614455505,-0.136479085726689,-0.161037194827717,-0.324786245730225,-0.432292006347196
17Networks_RH_SomMotA_9,-0.324008843081298,-0.528638381165966,-0.395016107233458,0.197229742823246,0.684882034758226,0.854234948927728,0.848151835311561,0.813508901670314,0.783423019646578,0.768422332060701,0.776703687489602,0.788103934492705,0.753120254898214,0.645944773892218,0.482700766051017,0.500889337844755
17Networks_RH_SomMotA_10,0.487019442935443,0.469859088852512,0.705130080586132,1.02371470966216,1.1898270550975,1.19831568207546,1.05172449107422,0.870381509907403,0.66153672056258,0.479451448078438,0.293733864357651,0.228344792904554,0.335647333363115,0.424456090400377,0.245524935090874,0.092636217235167
17Networks_RH_SomMotA_11,-0.66131763095568,-0.767078300433018,-0.666477222072919,-0.168649484717214,0.324448235906679,0.59470352281763,0.671722151792525,0.634761951455924,0.541300036259735,0.430796224295914,0.291426731576805,0.192424331147799,0.110875927359367,-0.0109484229436725,-0.231438348024821,-0.351862754731417
17Networks_RH_SomMotB_S2_1,-0.449370527167396,-0.570435367052615,0.0866970679130973,0.749253401172101,0.906722608569421,0.85916556680864,0.848813654882922,0.903302707028833,0.945524210329606,0.919862816894703,0.839821226040682,0.689577684359504,0.5128424740234,0.361309573155476,0.329147997922416,0.417698193560388
17Networks_RH_SomMotB_S2_2,0.697379365374127,0.80088310173043,0.87375771491446,0.868578211226589,0.860452806390897,0.869916047258466,0.837007202288483,0.778274948375756,0.713870140132052,0.608486104783928,0.53787365740863,0.509788363106529,0.549933748485756,0.6567431044994,0.807444294808218,0.976080330508426
17Networks_RH_SomMotB_S2_3,-0.49827116788532,-0.663675778686332,-0.569888496813813,-0.406261903934503,-0.410307819722562,-0.536485089138451,-0.65932001799907,-0.687180655316099,-0.693413256745043,-0.678564229548869,-0.716763386539141,-0.797667946107992,-0.863975672192987,-0.924325981017107,-0.912365752886023,-0.882336494301502
17Networks_RH_SomMotB_S2_4,-1.14805623568058,-1.13129455829654,-0.997931224458077,-0.853858236923483,-0.83222353756798,-0.842423682901897,-0.810224033928124,-0.8035892605008,-0.83595893398371,-0.912237229542981,-0.997002133777903,-1.0805366546563,-1.12529037871031,-1.15432524263501,-1.16003713255714,-1.15654413051581
17Networks_RH_SomMotB_S2_5,-0.146746735576355,-0.108183300152349,0.173555720336874,0.516329867025487,0.591384757518728,0.55897000205631,0.527277322924893,0.516599345432467,0.50518325793513,0.486970921828449,0.48078564778625,0.449895463269559,0.434782148198565,0.423498813743804,0.462980398299274,0.614782371071832
17Networks_RH_SomMotB_S2_6,-0.0164943788506,-0.223104179287145,0.30883810916182,0.739144814230425,0.622899305470224,0.358382584836625,0.215755861539821,0.230446980358785,0.308541088148095,0.380332855033998,0.399093456962191,0.386605438716422,0.364424166627862,0.319698420768328,0.41767060986789,0.66294973259513
17Networks_RH_SomMotB_S2_7,-0.481853699085274,-0.517643340642546,-0.235904213523916,0.164410355266466,0.410851029789402,0.537979036149832,0.617438503878683,0.65262617526392,0.642624658693347,0.580418062522022,0.508344652521627,0.454108532468647,0.363772954504286,0.237841535156314,0.144518992341246,0.17237915732283
17Networks_RH_DorsAttnA_TempOcc_1,0.580007717487152,0.547095351860121,0.429113936052945,0.226193002029006,0.0590400377309989,-0.00127059964008457,0.0918710475450533,0.261597863382764,0.459059640204163,0.576143112573107,0.565336952320284,0.450736100707079,0.456090609735576,0.591232773409315,0.693720398461235,0.716369120333266
17Networks_RH_DorsAttnA_TempOcc_2,0.611676843906396,0.572373279786098,0.422881976295827,0.222277123342916,0.12599088998087,0.127869659101888,0.168483159060597,0.183889688089238,0.157638153556987,0.0717610208128223,-0.0792785956135483,-0.205323160994729,-0.196245432010521,-0.0873887080694433,-0.00236957925404704,-0.0406446065653304
17Networks_RH_DorsAttnA_SPL_1,0.168899842374603,0.193796254737957,0.0731973314868443,-0.0429075692856637,-0.0741158877483547,-0.0907449985696721,-0.0504403915047635,0.0488064111775466,0.144208870001289,0.185828687474621,0.17779281050141,0.146435420450602,0.0653011583788994,0.0304816299570015,0.0440845974211964,0.0268998718993994
17Networks_RH_DorsAttnA_SPL_2,-0.207532386258067,0.0708154593892239,0.372295729605407,0.552390986626406,0.605292353873117,0.677097743742815,0.772615438225077,0.854279445068039,0.933250228058752,0.987885520261656,1.00948857144157,1.00967534644572,0.962706472034967,0.992156071440057,1.14127577825766,1.16163583971876
17Networks_RH_DorsAttnA_SPL_3,-0.607587049682826,-0.792306611941126,-1.15389042522723,-1.41804456233582,-1.51028729519844,-1.53938899367748,-1.52960500951696,-1.51909539087974,-1.53779859264764,-1.56010086827431,-1.58155987804456,-1.61275092836919,-1.68044685487253,-1.71507672915801,-1.65510643492171,-1.61778105786191
17Networks_RH_DorsAttnA_SPL_4,-0.462913506776598,-0.368547725775895,-0.434914903246445,-0.452892154557675,-0.381515385882636,-0.27306108572779,-0.158588036985288,-0.0681608563121492,-0.0244900223853907,-0.0359262333646964,-0.0656181809172385,-0.1180921551004,-0.162778735997798,-0.138206026140481,-0.0536269680443467,-0.0314367702077975
17Networks_RH_DorsAttnB_PostC_1,0.495491301939179,0.628414973146255,0.69651426823757,0.701846108539733,0.727013581540761,0.744815394215489,0.765338483857118,0.770152692918053,0.696499902500484,0.621657529501313,0.586585544309538,0.578631666869573,0.585970904789505,0.619130382034345,0.641779584003189,0.645966887448957
17Networks_RH_DorsAttnB_PostC_2,-0.479999847857843,-0.409643010609249,-0.450286406552262,-0.52824203163726,-0.583325426577157,-0.601754966660295,-0.64331096772467,-0.664639412950863,-0.672276773995949,-0.690362395017281,-0.7294758894928,-0.748849537596692,-0.809779005074159,-0.855861053599025,-0.826866964951639,-0.812571714763129
17Networks_RH_DorsAttnB_PostC_3,-0.428833390071789,-0.427083185899346,-0.142150225630935,0.230732137310098,0.454962716942058,0.429765367287012,0.315747842742916,0.206864255330038,0.174184088642307,0.165038264339805,0.206114115167885,0.282084344485032,0.35769469194653,0.439807570401082,0.514435970305921,0.640735350259237
17Networks_RH_DorsAttnB_PostC_4,-0.584275744838816,-0.563495823556495,-0.339085465898673,-0.0611910526347598,0.0969906907527424,0.123111643849502,0.13451261502532,0.170887753903231,0.212568396280976,0.242633773068247,0.272423900229585,0.304707122032944,0.330913010199241,0.319823172813852,0.335855552086238,0.428350101142155
17Networks_RH_DorsAttnB_FEF_1,0.0212798786225511,0.215813472864784,0.1855712418351,0.0464502895198086,-0.0435762233334146,-0.119907232187633,-0.217725725048925,-0.310685366511635,-0.419400047115561,-0.55538529676349,-0.659469151900583,-0.68381832090588,-0.686763839355519,-0.710848938272312,-0.799330649895495,-0.867937305538111
17Networks_RH_SalVentAttnA_ParOper_1,-0.179469595100139,0.057571796598859,0.399947796534058,0.399049337123394,0.232786936871685,0.121914564473894,0.104625492199577,0.0946787019804064,0.0320777673027205,-0.065587452312882,-0.12562483174538,-0.163390483790788,-0.146365832888879,-0.0468596075114036,0.107409403101144,0.278600772378007
17Networks_RH_SalVentAttnA_PrC_1,-0.186096851239463,-0.0480521172372939,-0.12662622778961,-0.296996661884907,-0.440192918495454,-0.499569425108643,-0.491480589338775,-0.467086188185008,-0.479419736934733,-0.52706200848435,-0.580072875341229,-0.605603280051926,-0.60448982083197,-0.630585930171108,-0.681952740563175,-0.681848636382759
17Networks_RH_SalVentAttnA_Ins_1,-0.00402497659302429,-0.498003589130584,-0.694869512631306,-0.575144222393985,-0.558532105896674,-0.69878052501396,-0.897323910374876,-1.05386638557777,-1.10941938202581,-1.05818773893745,-0.918136337552774,-0.70503263782923,-0.486258862604934,-0.390675053918681,-0.513428215413794,-0.595280460916292
17Networks_RH_SalVentAttnA_Ins_2,-0.578623379943072,-0.908895320923585,-0.831718860425898,-0.445519974032899,-0.310660807083182,-0.453464304897662,-0.617815287282029,-0.669079297603885,-0.593453864034333,-0.456200394115415,-0.293684263314536,-0.178767306007975,-0.111927071614426,-0.0962874670404263,-0.128125524875589,-0.146837171274805
17Networks_RH_SalVentAttnA_Ins_3,-0.251947007712178,-0.416963805336971,-0.378202910642517,-0.297409246222487,-0.381590012877586,-0.569023145668547,-0.717717388616769,-0.766751782063123,-0.716496841579844,-0.620504988693099,-0.519583199725618,-0.460714161685776,-0.463972106629773,-0.505063442257456,-0.563750468718943,-0.5433399992882
17Networks_RH_SalVentAttnA_FrMed_1,-0.410046287813361,-0.389613924834356,-0.243058008973435,-0.257768893374205,-0.339150795726128,-0.416257005648744,-0.468972119179934,-0.47934685282137,-0.473811940239065,-0.459497061209055,-0.45789784447066,-0.451029893307467,-0.455858784825906,-0.485344043380662,-0.595695510536061,-0.644223346611269
17Networks_RH_SalVentAttnA_FrMed_2,0.524988520962151,0.598169534936804,0.506870363766614,0.456840574394086,0.526435681199797,0.56066683310674,0.505286747078479,0.407486529412015,0.280436915231968,0.188446772483223,0.172214881195113,0.252906002863098,0.333153437083088,0.299645780655181,0.109820422143477,-0.135924671537264
17Networks_RH_SalVentAttnA_FrMed_3,0.12460952693231,0.124508671718329,0.00449897321778781,-0.0813820822679383,-0.131266026635231,-0.207182942367354,-0.290509678381298,-0.355872079483389,-0.412416162648376,-0.426271902465309,-0.388552660148979,-0.321257433250426,-0.279275900063224,-0.285731718996354,-0.339333262468247,-0.432287516563599
17Networks_RH_SalVentAttnA_FrMed_4,-0.373503579393421,-0.215214941071222,0.194087822064743,0.48619866666968,0.494368546036936,0.412565453045678,0.329866690845693,0.265207579651332,0.22371420895654,0.169385467582597,0.104740363752015,0.0738094807493911,0.0990693277206233,0.0725472098219604,-0.0304733442605584,-0.0203608574042281
17Networks_RH_SalVentAttnB_IPL_1,0.526896563273336,0.648194625223371,0.557889102531847,0.287652472742822,0.117472654413529,0.101734986115352,0.143048292936879,0.166553299206279,0.165973677450385,0.142261903091411,0.0608665819702942,0.0176020589424231,0.0957556649349953,0.250121164098479,0.345845082094448,0.467214669773131
17Networks_RH_SalVentAttnB_PFCl_1,0.0842412585196075,0.136568392597528,0.0724797291764222,0.110059512480297,0.242152673881803,0.390487965313728,0.484106613131015,0.500644399037044,0.46833318939642,0.423754652839559,0.363886981353504,0.305414834642634,0.274382185091589,0.302753598440681,0.356202791080649,0.363719893973966
17Networks_RH_SalVentAttnB_PFCl_2,-0.0981303762505952,-0.0715308322920363,-0.14963480649957,-0.176084348349985,-0.122309592549294,-0.0118993291979155,0.110423787533154,0.187513288154489,0.226486148284933,0.235117884472097,0.208243685132321,0.122931493692936,0.0144989547265557,-0.0481738733345339,-0.0215788474519841,-0.0313082121416505
17Networks_RH_SalVentAttnB_PFCv_1,0.326744930342319,0.179875026869287,0.168605178653545,0.15584149415666,0.17309523377299,0.153092322286139,0.0943959162914801,-0.0198128651691308,-0.11966463554412,-0.196591534643848,-0.2577577938493,-0.304654530102791,-0.312069852816797,-0.236514246553767,-0.220786821983397,-0.236446860028829
17Networks_RH_SalVentAttnB_PFCv_2,0.489753941134474,0.419648615579027,0.182254029055962,-0.0454033461608029,-0.0873208734022975,-0.0374884528667496,-0.00738365500339472,-0.00625732135301202,-0.0438759592895597,-0.102672965528793,-0.152062052876447,-0.206341621257291,-0.250870580795609,-0.228262033998732,-0.241987087166344,-0.376473227309575
17Networks_RH_SalVentAttnB_PFCmp_1,-0.100335313393978,0.0674118655839832,0.477117196803919,0.624067628621825,0.451383578920122,0.265661314595663,0.167974485774596,0.141613794694076,0.197901845344659,0.301441535125974,0.345358104409515,0.299367379741343,0.250732128726353,0.193046695365791,0.134716565848533,0.116314279869811
17Networks_RH_Limbic_OFC_1,0.0606136277535151,0.0103356263522734,0.0849690022174423,0.259778513496488,0.401138373284064,0.476094853415223,0.503142525401082,0.487588645848855,0.468269708768424,0.491942976624471,0.597886225265867,0.715055493087929,0.744924071824084,0.727335185804702,0.798761293419629,0.845056454167204
17Networks_RH_Limbic_OFC_2,0.44682838478047,0.459710633670446,0.335116323583673,0.25570002045924,0.308952964742338,0.380940825467255,0.380607599616712,0.292379274692313,0.182225951783613,0.118470988694134,0.107103125068629,0.0626053645624667,0.123763997807108,0.334579869504931,0.489165863688668,0.431438295940038
17Networks_RH_Limbic_OFC_3,0.135815592921451,0.13921459807908,0.360222082981744,0.492987090306188,0.378902024420992,0.224230955751731,0.125554602008612,0.0508890037752115,-0.0137200152789242,0.00235716161716886,0.176152596825105,0.438862525221924,0.531065229020988,0.410696170867162,0.40567861702345,0.455802638172282
17Networks_RH_Limbic_OFC_4,-0.362247473802939,-0.404350189105279,-0.600767057472347,-0.70612500912339,-0.668948086225573,-0.566602576176951,-0.450590060085269,-0.372990247764444,-0.335087747303246,-0.307021124025045,-0.261842232613236,-0.248211019733385,-0.326162812729279,-0.471298867248779,-0.528330597497415,-0.557512250978211
17Networks_RH_Limbic_TempPole_1,0.838012527273899,0.557214869317059,0.254969864047614,0.0183272122359708,-0.125991602493814,-0.275219939998093,-0.411686959866106,-0.500061581250697,-0.509490535636757,-0.45858331748381,-0.395036085407429,-0.275259713368852,-0.0618945773525241,0.181440515605364,0.297906515683056,0.304563529683184
17Networks_RH_Limbic_TempPole_2,0.692644869728416,0.705589674829186,0.761584209237869,0.50565057476858,0.170234552750042,-0.0211686235498072,-0.0970958811165832,-0.0527278941758062,0.0529442035558081,0.15650483519368,0.194479951206723,0.227312661942197,0.364647428419346,0.603413257424033,0.847607716650436,0.950465146754454
17Networks_RH_Limbic_TempPole_3,0.555554352587345,0.292677785488041,0.0714851908453679,0.0213544990399025,-0.0448243143791969,-0.182523790486799,-0.369418527676957,-0.553450121502118,-0.708800836408373,-0.774819299001667,-0.782982877125623,-0.709992186868578,-0.512416319361409,-0.328510295751317,-0.277291900445724,-0.156201508945763
17Networks_RH_Limbic_TempPole_4,0.309894251889602,0.30410313606741,0.340026464637165,0.19938502559042,0.0218952330186866,-0.130642838163725,-0.19093202526941,-0.111946318082086,0.0716687893642394,0.256385387998534,0.362007297521712,0.392007011176939,0.470670848405787,0.585479124584536,0.711876397350915,0.810792293257448
17Networks_RH_ContA_IPS_1,0.276019623705444,0.246063881357284,0.0436317122067043,-0.0793405546021768,-0.0993087912646979,-0.0855336991675381,-0.0690489117803215,-0.0230716742532909,0.0238828384911665,0.0545140042019169,0.0751223084700763,0.0791649707481512,0.0673370289770541,0.120586637405757,0.182445462233907,0.249103266781345
17Networks_RH_ContA_IPS_2,-0.622887442541818,-0.6264779740997,-0.847781736021974,-1.07465116401019,-1.17454433036123,-1.19018756821732,-1.19383139198357,-1.16870610962374,-1.1578430233985,-1.18862004794747,-1.23855574410818,-1.27009620303981,-1.3226232782879,-1.32565512863489,-1.23937253904959,-1.21756487208259
17Networks_RH_ContA_PFCd_1,-0.0478256239118365,0.03968395490323,0.152315612390917,0.15634618624033,0.115384578340709,0.0942454058786375,0.0717654316961738,0.100762561562112,0.133198602845063,0.153643248836096,0.144324296368388,0.13037698730861,0.109890451040118,0.035214406291089,-0.0397830526502747,-0.0364161074200193
17Networks_RH_ContA_PFCl_1,0.156983155087986,0.226614635985946,0.110870823625133,-0.0447910160943049,-0.121301840442593,-0.145202819096675,-0.145131837337006,-0.143715757632686,-0.168748161981472,-0.221290055597799,-0.293382924451643,-0.354161538555624,-0.377563276382556,-0.368711077122434,-0.379824174992955,-0.368749422920922
17Networks_RH_ContA_PFCl_2,0.484013695511475,0.439456499380508,0.187276982604921,0.0805875385867597,0.178706272913215,0.325119252361923,0.416386466647005,0.453162590738554,0.449427618511324,0.404809836021713,0.331939439638648,0.260986903404515,0.231952552013692,0.2613737676476,0.253120137191537,0.143613942576307
17Networks_RH_ContA_Cinga_1,0.376237712971108,0.178021636612261,0.223043995495366,0.374580352947411,0.298710855994594,0.0913626287674816,-0.148004474924963,-0.287333218446805,-0.287898642650266,-0.185683746560699,-0.0844634683508459,-0.0583576506363077,-0.093057576527311,-0.0750255471710563,-0.0760668027610038,-0.149684549404001
17Networks_RH_ContB_Temp_1,1.49461349275904,1.34654973913094,1.05134532276845,0.799368966857647,0.64867544257124,0.593336297822817,0.569131457653288,0.564126102204611,0.586074681732693,0.592502288981466,0.599926460664808,0.664857184463899,0.809737514503595,1.00933284134337,1.07898000998404,1.06117481278934
17Networks_RH_ContB_Temp_2,0.847109557338471,0.819173280773424,0.532127865346318,0.194981710818919,0.0329936139931362,6.40955009407401e-06,0.0561565044126123,0.130894485744603,0.187354777488826,0.185068612259074,0.105661615206963,0.0503580724696429,0.137913879407809,0.33928861911054,0.435300205733872,0.456868893845292
17Networks_RH_ContB_IPL_1,0.656659394638715,0.608943486276765,0.405436057662984,0.285524788396328,0.247491153181655,0.227018797475051,0.184155773799256,0.147717548173165,0.122474055254591,0.102023239124194,0.0737804015060456,0.084816541906176,0.148283774229049,0.242554702374863,0.320867009949049,0.46724443352215
17Networks_RH_ContB_IPL_2,-0.187548539602254,-0.453914454330654,-0.676643402929285,-0.748638436200579,-0.870412032426723,-1.11101690326765,-1.36606850347773,-1.54096857146785,-1.60913956430306,-1.62607408917544,-1.56025796544748,-1.46892311375292,-1.37575874689696,-1.29351388675683,-1.19261649105219,-1.0249298276109
17Networks_RH_ContB_PFCld_1,0.0342323788747551,0.119598577310702,0.294981099336433,0.500485535057511,0.602404100972205,0.681074016318164,0.748100601729366,0.807785385490244,0.838093773936074,0.816338527248045,0.764455887670922,0.681490001957716,0.607081630146645,0.641833017593608,0.793198340892433,0.878959581379934
17Networks_RH_ContB_PFCld_2,0.174190977457599,0.292513140622682,0.303605523174177,0.304151908739717,0.315535200345655,0.328029795053368,0.314741565555982,0.322196860717865,0.323282395398208,0.297550605627349,0.242723755735807,0.179697345370433,0.141139054957164,0.143551752822568,0.17306742080669,0.211154270368725
17Networks_RH_ContB_PFClv_1,0.400290668996471,0.406442433982326,0.257153993710841,0.246124818393782,0.367985904872482,0.502526177894502,0.55678195793174,0.531965170137959,0.464002203717262,0.385547480384573,0.329825759740929,0.278685804551907,0.282551733986373,0.353231298488101,0.422796408132007,0.398208799388032
17Networks_RH_ContB_PFClv_2,-0.190883899854986,-0.299958192166798,-0.582791153559602,-0.709324424851479,-0.624179982689538,-0.484712937414936,-0.358355921946307,-0.287835091325582,-0.269942856707348,-0.272963713718351,-0.306763818548728,-0.375750372778361,-0.461395539330604,-0.552120218830117,-0.5829010006895,-0.642838161406034
17Networks_RH_ContB_PFCmp_1,-0.0368427298124669,0.169261634931017,0.676336188868142,0.904751861168486,0.825851220730414,0.717104752914434,0.60479543836215,0.568817831324177,0.590777111552837,0.633228576764042,0.645372694632767,0.669809731387912,0.666017874369331,0.595711663844664,0.499166609478056,0.530132007077097
17Networks_RH_ContB_PFCmp_2,0.221160305071992,0.371527978256926,0.389070959940735,0.253937910416793,0.181636290936085,0.123289218740847,0.0771313005279112,0.0805025173702149,0.119337822218238,0.156256128722622,0.186207341046486,0.198291905214777,0.154261926517715,0.0705833763879733,-0.0154214421759932,-0.0257777710461197
17Networks_RH_ContC_pCun_1,-0.513439450226232,-0.298478803341749,-0.141742907521208,-0.213891388378382,-0.303354201592836,-0.307526582123935,-0.260183842545876,-0.220283881779299,-0.2112766582574,-0.166867060937216,-0.117740397140709,-0.0862814412241889,-0.166512168421936,-0.388423106474405,-0.493998773383354,-0.432018458169332
17Networks_RH_ContC_pCun_2,-0.1594255012071,-0.00206601953387017,0.13204804170435,0.162233301535133,0.14375084173675,0.128597919609149,0.148980563032738,0.213569425837459,0.279101460260405,0.301350929875118,0.371224923666562,0.464174158791102,0.525159456212309,0.528542008346852,0.513602025519325,0.604195230056336
17Networks_RH_ContC_Cingp_1,0.766696673686611,0.464721191416671,0.289476392526851,0.348176139535175,0.453468241351438,0.461932870576049,0.367081182342848,0.222711578205675,0.072054576250252,-0.0568055328570645,-0.0734319471844209,0.0228942094608578,0.110867344112061,0.141319500509794,0.117696116196481,0.0563482105319518
17Networks_RH_DefaultA_IPL_1,-0.0224231607627402,-0.140338299643438,-0.509485573901376,-0.749104886657884,-0.837739484950944,-0.893306030352282,-0.92868665558211,-0.946235335206002,-0.958991827186471,-0.958689801469557,-0.973164233219884,-0.985580491213217,-0.943498839445999,-0.852430287581847,-0.792269367616015,-0.722432506154818
17Networks_RH_DefaultA_PFCd_1,0.260022272914097,0.407348682362018,0.341644677442073,0.244272744091561,0.218913593154917,0.249651777754548,0.294661961832513,0.338425044266089,0.383784278141224,0.402258016170019,0.386417055666336,0.344419351834089,0.291192562116887,0.241318469547737,0.240556714296078,0.234294433956479
17Networks_RH_DefaultA_PCC_1,0.281173073858871,0.149823051110164,0.0141905324026325,-0.0498265143864402,-0.0869665909335955,-0.104481051777609,-0.17523568453236,-0.267063602819773,-0.35999511725678,-0.424749058203639,-0.39718130148762,-0.288721622480904,-0.211894991235123,-0.211721331723975,-0.208033530296433,-0.160155341710483
17Networks_RH_DefaultA_PFCm_1,-0.203110906648719,-0.110016758018293,0.196876618075069,0.331961763185499,0.182321682596888,-0.0660479204088982,-0.255820608727727,-0.360824913164701,-0.369694964416502,-0.285621088849515,-0.144436183408733,-0.0785080163327972,-0.140525173321599,-0.240575376560615,-0.30592703349279,-0.313943322149736
17Networks_RH_DefaultA_PFCm_2,-0.0323069333459218,-0.120853127261945,0.103713631872567,0.30767718699785,0.235765812691481,0.00571923622395426,-0.223768547813227,-0.324131423743163,-0.242184930769152,-0.0816831497471317,-0.0390469823802781,-0.102760060830784,-0.132043163384291,-0.113939707276385,-0.127605870915096,-0.173499391903626
17Networks_RH_DefaultA_PFCm_3,-0.663303040072392,-0.566486040623845,-0.351476727657539,-0.348779557742662,-0.471254647963869,-0.505071344019421,-0.45649971785952,-0.362486454927748,-0.251071798790862,-0.155633252895134,-0.0937365847989069,-0.0770823057578859,-0.168588326471845,-0.349838690730074,-0.426891922006777,-0.419770419841552
17Networks_RH_DefaultB_Temp_1,0.607426535004642,0.368616408476124,0.280813351011837,0.224399803160911,0.15788362991533,0.0785241110606296,0.00314383672396458,-0.0322977573521014,-0.0431847112925003,-0.0508666703777969,-0.0644873007326496,-0.0630150040660465,0.0061272301112127,0.117917742730633,0.159784584697621,0.184622221472
17Networks_RH_DefaultB_AntTemp_1,1.0513539574635,0.800393855684612,0.61313485781086,0.453389202025609,0.320244958562144,0.224525854885536,0.146025275659296,0.102166119777593,0.109737825044239,0.169514981924833,0.23057690557065,0.323153769526377,0.481545551952091,0.65358975056295,0.730608286566744,0.722809756557403
17Networks_RH_DefaultB_PFCd_1,-0.335921372295852,-0.188124018738425,0.0645671891940134,0.162593552976284,0.140328213972432,0.146577013158059,0.188623705946855,0.247393917695221,0.352043860279861,0.428608290120866,0.453277712149001,0.437441400667798,0.355846393918479,0.244034932990183,0.23083023318234,0.287112564940941
17Networks_RH_DefaultB_PFCv_1,0.215565026562475,0.342090775429555,0.432328802976459,0.550756446382984,0.691700386288957,0.819608608515397,0.86513516008746,0.794403632422998,0.671017185063918,0.530278946381766,0.398548510415908,0.324109041942862,0.373363150641437,0.559307543992212,0.703856862852046,0.703791348871868
17Networks_RH_DefaultC_IPL_1,0.3661551024409,0.458191741178574,0.405187688190435,0.282697364851704,0.196773321827594,0.154021605604173,0.166469637187745,0.201334370003794,0.232315610722333,0.256890095137954,0.231863554824179,0.189580198112456,0.209320993425293,0.357929376071616,0.474126419228555,0.497289018897954
17Networks_RH_DefaultC_Rsp_1,-0.272762500093095,-0.461846785069839,-0.871440651651091,-1.1628823114417,-1.2275879534098,-1.23134037732495,-1.22329963123373,-1.22211121638833,-1.23954501669993,-1.26694669184799,-1.24497157913826,-1.17838157768625,-1.1349273723817,-1.18912550943328,-1.28159570552255,-1.26880601863048
17Networks_RH_DefaultC_PHC_1,-0.244698444331584,-0.458849433138119,-0.415480869468754,-0.465965314650666,-0.651889176381133,-0.820438469305093,-0.90995820624271,-0.879671903562109,-0.75117440438431,-0.623842196150222,-0.545673302981612,-0.524191226097755,-0.433618988104167,-0.318093523186797,-0.223502516103907,-0.162987705272542
17Networks_RH_TempPar_1,0.656385805070937,0.72236261371793,0.75197991616096,0.522164983983364,0.281078391967135,0.182113890481168,0.217976527464628,0.302854518329392,0.356937007111781,0.349926109604909,0.381011212319851,0.45415826339791,0.522390424080627,0.562198695923871,0.615698506126566,0.647328988847997
17Networks_RH_TempPar_2,0.452386985505186,0.39703860771021,0.193295671038678,-0.112236006901549,-0.310524758189395,-0.3944390321596,-0.384146304779303,-0.347098100562778,-0.338978815554698,-0.365735422285713,-0.374988697532459,-0.396653193329556,-0.454313883208618,-0.510695784739078,-0.520064114480888,-0.497220533781758
17Networks_RH_TempPar_3,0.296219430797451,0.211913618257156,-0.0397033965824523,-0.313079904741794,-0.438824716314986,-0.454621919736292,-0.438139896624452,-0.422994451863951,-0.438961178371403,-0.470916682735445,-0.547270831220327,-0.605041949716005,-0.586300198508251,-0.494487234759665,-0.420539813955159,-0.344796937905483
17Networks_RH_TempPar_4,0.0684575809879284,0.251355589400442,0.527135864845152,0.369282113557463,0.143431483649123,0.124629957687713,0.213995365527545,0.318622295637488,0.331525287484014,0.256159427070224,0.153574267489131,0.01104700701059,-0.0587934551804153,0.00629729810332556,0.194084390141559,0.33437412526014
